{"Protocol":0,"Id":"d941a3f9dc58ff8df8891da51dfba9d9","Path":"D:\\Jellyfin Media Library\\movies\\20,000 Leagues Under the Sea\\20,000 Leagues Under the Sea.mp4","EncoderPath":null,"EncoderProtocol":null,"Type":0,"Container":"mov,mp4,m4a,3gp,3g2,mj2","Size":1647751606,"Name":"20,000 Leagues Under the Sea","IsRemote":false,"ETag":"a7455a3b39126009d1e3da6941e088e5","RunTimeTicks":76214547880,"ReadAtNativeFramerate":false,"IgnoreDts":false,"IgnoreIndex":false,"GenPtsInput":false,"SupportsTranscoding":true,"SupportsDirectStream":true,"SupportsDirectPlay":true,"IsInfiniteStream":false,"UseMostCompatibleTranscodingProfile":false,"RequiresOpening":false,"OpenToken":null,"RequiresClosing":false,"LiveStreamId":null,"BufferMs":null,"RequiresLooping":false,"SupportsProbing":true,"VideoType":0,"IsoType":null,"Video3DFormat":null,"MediaStreams":[{"Codec":"h264","CodecTag":null,"Language":"und","ColorRange":null,"ColorSpace":null,"ColorTransfer":null,"ColorPrimaries":null,"DvVersionMajor":null,"DvVersionMinor":null,"DvProfile":null,"DvLevel":null,"RpuPresentFlag":null,"ElPresentFlag":null,"BlPresentFlag":null,"DvBlSignalCompatibilityId":null,"Rotation":null,"Comment":null,"TimeBase":"1/11988","CodecTimeBase":null,"Title":null,"Hdr10PlusPresentFlag":null,"VideoRange":1,"VideoRangeType":1,"VideoDoViTitle":null,"AudioSpatialFormat":0,"LocalizedUndefined":null,"LocalizedDefault":null,"LocalizedForced":null,"LocalizedExternal":null,"LocalizedHearingImpaired":null,"LocalizedLanguage":null,"LocalizedOriginal":null,"DisplayTitle":"720p H264 SDR","NalLengthSize":"4","IsInterlaced":false,"IsAVC":true,"ChannelLayout":null,"BitRate":1500134,"BitDepth":8,"RefFrames":1,"PacketLength":null,"Channels":null,"SampleRate":null,"IsDefault":true,"IsForced":false,"IsHearingImpaired":false,"IsOriginal":false,"Height":502,"Width":1280,"AverageFrameRate":23.976,"RealFrameRate":23.976,"ReferenceFrameRate":23.976,"Profile":"High","Type":1,"AspectRatio":"120:47","Index":0,"Score":null,"IsExternal":false,"DeliveryMethod":null,"DeliveryUrl":null,"IsExternalUrl":null,"IsTextSubtitleStream":false,"SupportsExternalStream":false,"Path":null,"PixelFormat":"yuv420p","Level":41,"IsAnamorphic":false},{"Codec":"aac","CodecTag":null,"Language":"eng","ColorRange":null,"ColorSpace":null,"ColorTransfer":null,"ColorPrimaries":null,"DvVersionMajor":null,"DvVersionMinor":null,"DvProfile":null,"DvLevel":null,"RpuPresentFlag":null,"ElPresentFlag":null,"BlPresentFlag":null,"DvBlSignalCompatibilityId":null,"Rotation":null,"Comment":null,"TimeBase":"1/48000","CodecTimeBase":null,"Title":null,"Hdr10PlusPresentFlag":null,"VideoRange":0,"VideoRangeType":0,"VideoDoViTitle":null,"AudioSpatialFormat":0,"LocalizedUndefined":null,"LocalizedDefault":"Default","LocalizedForced":null,"LocalizedExternal":"External","LocalizedHearingImpaired":null,"LocalizedLanguage":"English","LocalizedOriginal":"Original","DisplayTitle":"English - AAC - 5.1 - Default","NalLengthSize":null,"IsInterlaced":false,"IsAVC":null,"ChannelLayout":"5.1","BitRate":224001,"BitDepth":null,"RefFrames":null,"PacketLength":null,"Channels":6,"SampleRate":48000,"IsDefault":true,"IsForced":false,"IsHearingImpaired":false,"IsOriginal":false,"Height":null,"Width":null,"AverageFrameRate":null,"RealFrameRate":null,"ReferenceFrameRate":null,"Profile":"LC","Type":0,"AspectRatio":null,"Index":1,"Score":null,"IsExternal":false,"DeliveryMethod":null,"DeliveryUrl":null,"IsExternalUrl":null,"IsTextSubtitleStream":false,"SupportsExternalStream":false,"Path":null,"PixelFormat":null,"Level":null,"IsAnamorphic":null}],"MediaAttachments":[],"Formats":[],"Bitrate":1729592,"FallbackMaxStreamingBitrate":null,"Timestamp":null,"RequiredHttpHeaders":{},"TranscodingUrl":null,"TranscodingSubProtocol":0,"TranscodingContainer":null,"AnalyzeDurationMs":null,"DefaultAudioStreamIndex":null,"DefaultSubtitleStreamIndex":null,"HasSegments":false}

ffmpeg -analyzeduration 200M -probesize 1G -fflags +genpts  -i file:"D:\Jellyfin Media Library\movies\20,000 Leagues Under the Sea\20,000 Leagues Under the Sea.mp4" -map_metadata -1 -map_chapters -1 -threads 0 -map 0:0 -map 0:1 -map -0:s -codec:v:0 copy -bsf:v h264_mp4toannexb -start_at_zero -codec:a:0 libmp3lame -ac 2 -ab 256000 -af "volume=2" -copyts -avoid_negative_ts disabled -max_muxing_queue_size 2048 -f hls -max_delay 5000000 -hls_time 6 -hls_segment_type mpegts -start_number 0 -hls_segment_filename "C:\ProgramData\Jellyfin\Server\cache\transcodes\7e6ad766012374ef0181d7de51435e01%d.ts" -hls_playlist_type vod -hls_list_size 0 -y "C:\ProgramData\Jellyfin\Server\cache\transcodes\7e6ad766012374ef0181d7de51435e01.m3u8"


ffmpeg version 8.1.2-Jellyfin Copyright (c) 2000-2026 the FFmpeg developers
  built with clang version 22.1.8 (https://github.com/msys2/MINGW-packages 6e4e79c2f86eeb534e324e583f2057dc9fd5ecab)
  configuration: --cc=clang --cxx=clang++ --pkg-config-flags=--static --extra-cflags=-I/clang64/ffbuild/include --extra-ldflags=-L/clang64/ffbuild/lib --prefix=/clang64/ffbuild/jellyfin-ffmpeg --extra-version=Jellyfin --disable-unstable --disable-ffplay --disable-debug --disable-doc --disable-sdl2 --enable-lto=thin --enable-gpl --enable-version3 --enable-schannel --enable-iconv --enable-libxml2 --enable-zlib --enable-lzma --enable-gmp --enable-chromaprint --enable-libfreetype --enable-libfribidi --enable-libfontconfig --enable-libharfbuzz --enable-libass --enable-libbluray --enable-libmp3lame --enable-libopus --enable-libtheora --enable-libvorbis --enable-libopenmpt --enable-libwebp --enable-libvpx --enable-libzimg --enable-libx264 --enable-libx265 --enable-libsvtav1 --enable-libdav1d --enable-libfdk-aac --enable-libshaderc --enable-libplacebo --enable-vulkan --enable-opencl --enable-dxva2 --enable-d3d11va --enable-d3d12va --enable-mediafoundation --enable-amf --enable-libvpl --enable-ffnvcodec --enable-cuda --enable-cuda-llvm --enable-cuvid --enable-nvdec --enable-nvenc
  libavutil      60. 26.102 / 60. 26.102
  libavcodec     62. 28.102 / 62. 28.102
  libavformat    62. 12.102 / 62. 12.102
  libavdevice    62.  3.102 / 62.  3.102
  libavfilter    11. 14.102 / 11. 14.102
  libswscale      9.  5.102 /  9.  5.102
  libswresample   6.  3.102 /  6.  3.102
Input #0, mov,mp4,m4a,3gp,3g2,mj2, from 'file:D:\Jellyfin Media Library\movies\20,000 Leagues Under the Sea\20,000 Leagues Under the Sea.mp4':
  Metadata:
    major_brand     : isom
    minor_version   : 512
    compatible_brands: isomiso2avc1mp41
    creation_time   : 2018-10-18T13:07:16.000000Z
    title           : 20000.Leagues.Under.the.Sea.1954.720p.BluRay.H264.AAC-RARBG
    encoder         : Lavf57.83.100
    comment         : 20000.Leagues.Under.the.Sea.1954.720p.BluRay.H264.AAC-RARBG
  Duration: 02:07:01.45, start: 0.000000, bitrate: 1729 kb/s
  Stream #0:0[0x1](und): Video: h264 (High) (avc1 / 0x31637661), yuv420p(progressive), 1280x502 [SAR 753:752 DAR 120:47], 1500 kb/s, 23.98 fps, 23.98 tbr, 11988 tbn (default)
    Metadata:
      creation_time   : 2018-10-18T13:07:16.000000Z
      handler_name    : VideoHandler
  Stream #0:1[0x2](eng): Audio: aac (LC) (mp4a / 0x6134706D), 48000 Hz, 5.1, fltp, 224 kb/s (default)
    Metadata:
      creation_time   : 2018-10-18T13:07:16.000000Z
      handler_name    : SoundHandler
Stream mapping:
  Stream #0:0 -> #0:0 (copy)
  Stream #0:1 -> #0:1 (aac (native) -> mp3 (libmp3lame))
Press [q] to stop, [?] for help
Output #0, hls, to 'C:\ProgramData\Jellyfin\Server\cache\transcodes\7e6ad766012374ef0181d7de51435e01.m3u8':
  Metadata:
    encoder         : Lavf62.12.102
  Stream #0:0: Video: h264 (High) (avc1 / 0x31637661), yuv420p(progressive), 1280x502 [SAR 753:752 DAR 120:47], q=2-31, 1500 kb/s, 23.98 fps, 23.98 tbr, 90k tbn (default)
  Stream #0:1: Audio: mp3, 48000 Hz, stereo, fltp, 256 kb/s (default)
    Metadata:
      encoder         : Lavc62.28.102 libmp3lame
[hls @ 000001adcaa8db80] Opening 'C:\ProgramData\Jellyfin\Server\cache\transcodes\7e6ad766012374ef0181d7de51435e010.ts' for writing
[hls @ 000001adcaa8db80] Opening 'C:\ProgramData\Jellyfin\Server\cache\transcodes\7e6ad766012374ef0181d7de51435e011.ts' for writing
[hls @ 000001adcaa8db80] Opening 'C:\ProgramData\Jellyfin\Server\cache\transcodes\7e6ad766012374ef0181d7de51435e012.ts' for writing
[hls @ 000001adcaa8db80] Opening 'C:\ProgramData\Jellyfin\Server\cache\transcodes\7e6ad766012374ef0181d7de51435e013.ts' for writing
frame= 1040 fps=0.0 q=-1.0 size=N/A time=00:00:00.00 bitrate=N/A speed=   0x elapsed=0:00:00.50    
[hls @ 000001adcaa8db80] Opening 'C:\ProgramData\Jellyfin\Server\cache\transcodes\7e6ad766012374ef0181d7de51435e014.ts' for writing
[hls @ 000001adcaa8db80] Opening 'C:\ProgramData\Jellyfin\Server\cache\transcodes\7e6ad766012374ef0181d7de51435e015.ts' for writing
[hls @ 000001adcaa8db80] Opening 'C:\ProgramData\Jellyfin\Server\cache\transcodes\7e6ad766012374ef0181d7de51435e016.ts' for writing
[hls @ 000001adcaa8db80] Opening 'C:\ProgramData\Jellyfin\Server\cache\transcodes\7e6ad766012374ef0181d7de51435e017.ts' for writing
frame= 2060 fps=2026 q=-1.0 size=N/A time=00:00:42.52 bitrate=N/A speed=41.8x elapsed=0:00:01.01    
[hls @ 000001adcaa8db80] Opening 'C:\ProgramData\Jellyfin\Server\cache\transcodes\7e6ad766012374ef0181d7de51435e018.ts' for writing
[hls @ 000001adcaa8db80] Opening 'C:\ProgramData\Jellyfin\Server\cache\transcodes\7e6ad766012374ef0181d7de51435e019.ts' for writing
[hls @ 000001adcaa8db80] Opening 'C:\ProgramData\Jellyfin\Server\cache\transcodes\7e6ad766012374ef0181d7de51435e0110.ts' for writing
[hls @ 000001adcaa8db80] Opening 'C:\ProgramData\Jellyfin\Server\cache\transcodes\7e6ad766012374ef0181d7de51435e0111.ts' for writing
frame= 3032 fps=1980 q=-1.0 size=N/A time=00:01:23.06 bitrate=N/A speed=54.2x elapsed=0:00:01.53    
[hls @ 000001adcaa8db80] Opening 'C:\ProgramData\Jellyfin\Server\cache\transcodes\7e6ad766012374ef0181d7de51435e0112.ts' for writing
[hls @ 000001adcaa8db80] Opening 'C:\ProgramData\Jellyfin\Server\cache\transcodes\7e6ad766012374ef0181d7de51435e0113.ts' for writing
[hls @ 000001adcaa8db80] Opening 'C:\ProgramData\Jellyfin\Server\cache\transcodes\7e6ad766012374ef0181d7de51435e0114.ts' for writing
[hls @ 000001adcaa8db80] Opening 'C:\ProgramData\Jellyfin\Server\cache\transcodes\7e6ad766012374ef0181d7de51435e0115.ts' for writing
frame= 3925 fps=1930 q=-1.0 size=N/A time=00:02:00.31 bitrate=N/A speed=59.1x elapsed=0:00:02.03    
[hls @ 000001adcaa8db80] Opening 'C:\ProgramData\Jellyfin\Server\cache\transcodes\7e6ad766012374ef0181d7de51435e0116.ts' for writing
[hls @ 000001adcaa8db80] Opening 'C:\ProgramData\Jellyfin\Server\cache\transcodes\7e6ad766012374ef0181d7de51435e0117.ts' for writing
[hls @ 000001adcaa8db80] Opening 'C:\ProgramData\Jellyfin\Server\cache\transcodes\7e6ad766012374ef0181d7de51435e0118.ts' for writing
[hls @ 000001adcaa8db80] Opening 'C:\ProgramData\Jellyfin\Server\cache\transcodes\7e6ad766012374ef0181d7de51435e0119.ts' for writing
[hls @ 000001adcaa8db80] Opening 'C:\ProgramData\Jellyfin\Server\cache\transcodes\7e6ad766012374ef0181d7de51435e0120.ts' for writing
[hls @ 000001adcaa8db80] Opening 'C:\ProgramData\Jellyfin\Server\cache\transcodes\7e6ad766012374ef0181d7de51435e0121.ts' for writing
[hls @ 000001adcaa8db80] Opening 'C:\ProgramData\Jellyfin\Server\cache\transcodes\7e6ad766012374ef0181d7de51435e0122.ts' for writing
frame= 4877 fps=1914 q=-1.0 size=N/A time=00:02:40.03 bitrate=N/A speed=62.8x elapsed=0:00:02.54    
[hls @ 000001adcaa8db80] Opening 'C:\ProgramData\Jellyfin\Server\cache\transcodes\7e6ad766012374ef0181d7de51435e0123.ts' for writing
[hls @ 000001adcaa8db80] Opening 'C:\ProgramData\Jellyfin\Server\cache\transcodes\7e6ad766012374ef0181d7de51435e0124.ts' for writing
[hls @ 000001adcaa8db80] Opening 'C:\ProgramData\Jellyfin\Server\cache\transcodes\7e6ad766012374ef0181d7de51435e0125.ts' for writing
[hls @ 000001adcaa8db80] Opening 'C:\ProgramData\Jellyfin\Server\cache\transcodes\7e6ad766012374ef0181d7de51435e0126.ts' for writing
[hls @ 000001adcaa8db80] Opening 'C:\ProgramData\Jellyfin\Server\cache\transcodes\7e6ad766012374ef0181d7de51435e0127.ts' for writing
frame= 5827 fps=1902 q=-1.0 size=N/A time=00:03:19.68 bitrate=N/A speed=65.2x elapsed=0:00:03.06    
[hls @ 000001adcaa8db80] Opening 'C:\ProgramData\Jellyfin\Server\cache\transcodes\7e6ad766012374ef0181d7de51435e0128.ts' for writing
[hls @ 000001adcaa8db80] Opening 'C:\ProgramData\Jellyfin\Server\cache\transcodes\7e6ad766012374ef0181d7de51435e0129.ts' for writing
[hls @ 000001adcaa8db80] Opening 'C:\ProgramData\Jellyfin\Server\cache\transcodes\7e6ad766012374ef0181d7de51435e0130.ts' for writing
[hls @ 000001adcaa8db80] Opening 'C:\ProgramData\Jellyfin\Server\cache\transcodes\7e6ad766012374ef0181d7de51435e0131.ts' for writing
[hls @ 000001adcaa8db80] Opening 'C:\ProgramData\Jellyfin\Server\cache\transcodes\7e6ad766012374ef0181d7de51435e0132.ts' for writing
[hls @ 000001adcaa8db80] Opening 'C:\ProgramData\Jellyfin\Server\cache\transcodes\7e6ad766012374ef0181d7de51435e0133.ts' for writing
frame= 6795 fps=1907 q=-1.0 size=N/A time=00:04:00.00 bitrate=N/A speed=67.3x elapsed=0:00:03.56    
[hls @ 000001adcaa8db80] Opening 'C:\ProgramData\Jellyfin\Server\cache\transcodes\7e6ad766012374ef0181d7de51435e0134.ts' for writing
[hls @ 000001adcaa8db80] Opening 'C:\ProgramData\Jellyfin\Server\cache\transcodes\7e6ad766012374ef0181d7de51435e0135.ts' for writing
[hls @ 000001adcaa8db80] Opening 'C:\ProgramData\Jellyfin\Server\cache\transcodes\7e6ad766012374ef0181d7de51435e0136.ts' for writing
[hls @ 000001adcaa8db80] Opening 'C:\ProgramData\Jellyfin\Server\cache\transcodes\7e6ad766012374ef0181d7de51435e0137.ts' for writing
frame= 7745 fps=1901 q=-1.0 size=N/A time=00:04:39.64 bitrate=N/A speed=68.6x elapsed=0:00:04.07    
[hls @ 000001adcaa8db80] Opening 'C:\ProgramData\Jellyfin\Server\cache\transcodes\7e6ad766012374ef0181d7de51435e0138.ts' for writing
[hls @ 000001adcaa8db80] Opening 'C:\ProgramData\Jellyfin\Server\cache\transcodes\7e6ad766012374ef0181d7de51435e0139.ts' for writing
[hls @ 000001adcaa8db80] Opening 'C:\ProgramData\Jellyfin\Server\cache\transcodes\7e6ad766012374ef0181d7de51435e0140.ts' for writing
[hls @ 000001adcaa8db80] Opening 'C:\ProgramData\Jellyfin\Server\cache\transcodes\7e6ad766012374ef0181d7de51435e0141.ts' for writing
[hls @ 000001adcaa8db80] Opening 'C:\ProgramData\Jellyfin\Server\cache\transcodes\7e6ad766012374ef0181d7de51435e0142.ts' for writing
frame= 8658 fps=1887 q=-1.0 size=N/A time=00:05:17.76 bitrate=N/A speed=69.3x elapsed=0:00:04.58    
[hls @ 000001adcaa8db80] Opening 'C:\ProgramData\Jellyfin\Server\cache\transcodes\7e6ad766012374ef0181d7de51435e0143.ts' for writing
[hls @ 000001adcaa8db80] Opening 'C:\ProgramData\Jellyfin\Server\cache\transcodes\7e6ad766012374ef0181d7de51435e0144.ts' for writing
[hls @ 000001adcaa8db80] Opening 'C:\ProgramData\Jellyfin\Server\cache\transcodes\7e6ad766012374ef0181d7de51435e0145.ts' for writing
[hls @ 000001adcaa8db80] Opening 'C:\ProgramData\Jellyfin\Server\cache\transcodes\7e6ad766012374ef0181d7de51435e0146.ts' for writing
frame= 9617 fps=1885 q=-1.0 size=N/A time=00:05:57.81 bitrate=N/A speed=70.1x elapsed=0:00:05.10    
[hls @ 000001adcaa8db80] Opening 'C:\ProgramData\Jellyfin\Server\cache\transcodes\7e6ad766012374ef0181d7de51435e0147.ts' for writing
[hls @ 000001adcaa8db80] Opening 'C:\ProgramData\Jellyfin\Server\cache\transcodes\7e6ad766012374ef0181d7de51435e0148.ts' for writing
[hls @ 000001adcaa8db80] Opening 'C:\ProgramData\Jellyfin\Server\cache\transcodes\7e6ad766012374ef0181d7de51435e0149.ts' for writing
[hls @ 000001adcaa8db80] Opening 'C:\ProgramData\Jellyfin\Server\cache\transcodes\7e6ad766012374ef0181d7de51435e0150.ts' for writing
frame=10570 fps=1881 q=-1.0 size=N/A time=00:06:37.46 bitrate=N/A speed=70.7x elapsed=0:00:05.61    
[hls @ 000001adcaa8db80] Opening 'C:\ProgramData\Jellyfin\Server\cache\transcodes\7e6ad766012374ef0181d7de51435e0151.ts' for writing
[hls @ 000001adcaa8db80] Opening 'C:\ProgramData\Jellyfin\Server\cache\transcodes\7e6ad766012374ef0181d7de51435e0152.ts' for writing
[hls @ 000001adcaa8db80] Opening 'C:\ProgramData\Jellyfin\Server\cache\transcodes\7e6ad766012374ef0181d7de51435e0153.ts' for writing
[hls @ 000001adcaa8db80] Opening 'C:\ProgramData\Jellyfin\Server\cache\transcodes\7e6ad766012374ef0181d7de51435e0154.ts' for writing
[hls @ 000001adcaa8db80] Opening 'C:\ProgramData\Jellyfin\Server\cache\transcodes\7e6ad766012374ef0181d7de51435e0155.ts' for writing
[hls @ 000001adcaa8db80] Opening 'C:\ProgramData\Jellyfin\Server\cache\transcodes\7e6ad766012374ef0181d7de51435e0156.ts' for writing
[hls @ 000001adcaa8db80] Opening 'C:\ProgramData\Jellyfin\Server\cache\transcodes\7e6ad766012374ef0181d7de51435e0157.ts' for writing
[hls @ 000001adcaa8db80] Opening 'C:\ProgramData\Jellyfin\Server\cache\transcodes\7e6ad766012374ef0181d7de51435e0158.ts' for writing
frame=12439 fps=1876 q=-1.0 size=N/A time=00:07:55.44 bitrate=N/A speed=71.7x elapsed=0:00:06.63    
[hls @ 000001adcaa8db80] Opening 'C:\ProgramData\Jellyfin\Server\cache\transcodes\7e6ad766012374ef0181d7de51435e0159.ts' for writing
[hls @ 000001adcaa8db80] Opening 'C:\ProgramData\Jellyfin\Server\cache\transcodes\7e6ad766012374ef0181d7de51435e0160.ts' for writing
[hls @ 000001adcaa8db80] Opening 'C:\ProgramData\Jellyfin\Server\cache\transcodes\7e6ad766012374ef0181d7de51435e0161.ts' for writing
[hls @ 000001adcaa8db80] Opening 'C:\ProgramData\Jellyfin\Server\cache\transcodes\7e6ad766012374ef0181d7de51435e0162.ts' for writing
[hls @ 000001adcaa8db80] Opening 'C:\ProgramData\Jellyfin\Server\cache\transcodes\7e6ad766012374ef0181d7de51435e0163.ts' for writing
frame=13374 fps=1875 q=-1.0 size=N/A time=00:08:34.44 bitrate=N/A speed=72.1x elapsed=0:00:07.13    
[hls @ 000001adcaa8db80] Opening 'C:\ProgramData\Jellyfin\Server\cache\transcodes\7e6ad766012374ef0181d7de51435e0164.ts' for writing
[hls @ 000001adcaa8db80] Opening 'C:\ProgramData\Jellyfin\Server\cache\transcodes\7e6ad766012374ef0181d7de51435e0165.ts' for writing
[hls @ 000001adcaa8db80] Opening 'C:\ProgramData\Jellyfin\Server\cache\transcodes\7e6ad766012374ef0181d7de51435e0166.ts' for writing
[hls @ 000001adcaa8db80] Opening 'C:\ProgramData\Jellyfin\Server\cache\transcodes\7e6ad766012374ef0181d7de51435e0167.ts' for writing
frame=14263 fps=1868 q=-1.0 size=N/A time=00:09:11.49 bitrate=N/A speed=72.2x elapsed=0:00:07.63    
[hls @ 000001adcaa8db80] Opening 'C:\ProgramData\Jellyfin\Server\cache\transcodes\7e6ad766012374ef0181d7de51435e0168.ts' for writing
[hls @ 000001adcaa8db80] Opening 'C:\ProgramData\Jellyfin\Server\cache\transcodes\7e6ad766012374ef0181d7de51435e0169.ts' for writing
[hls @ 000001adcaa8db80] Opening 'C:\ProgramData\Jellyfin\Server\cache\transcodes\7e6ad766012374ef0181d7de51435e0170.ts' for writing
[hls @ 000001adcaa8db80] Opening 'C:\ProgramData\Jellyfin\Server\cache\transcodes\7e6ad766012374ef0181d7de51435e0171.ts' for writing
frame=15255 fps=1872 q=-1.0 size=N/A time=00:09:52.87 bitrate=N/A speed=72.7x elapsed=0:00:08.15    
[hls @ 000001adcaa8db80] Opening 'C:\ProgramData\Jellyfin\Server\cache\transcodes\7e6ad766012374ef0181d7de51435e0172.ts' for writing
[hls @ 000001adcaa8db80] Opening 'C:\ProgramData\Jellyfin\Server\cache\transcodes\7e6ad766012374ef0181d7de51435e0173.ts' for writing
[hls @ 000001adcaa8db80] Opening 'C:\ProgramData\Jellyfin\Server\cache\transcodes\7e6ad766012374ef0181d7de51435e0174.ts' for writing
[hls @ 000001adcaa8db80] Opening 'C:\ProgramData\Jellyfin\Server\cache\transcodes\7e6ad766012374ef0181d7de51435e0175.ts' for writing
[hls @ 000001adcaa8db80] Opening 'C:\ProgramData\Jellyfin\Server\cache\transcodes\7e6ad766012374ef0181d7de51435e0176.ts' for writing
[hls @ 000001adcaa8db80] Opening 'C:\ProgramData\Jellyfin\Server\cache\transcodes\7e6ad766012374ef0181d7de51435e0177.ts' for writing
frame=16160 fps=1868 q=-1.0 size=N/A time=00:10:30.62 bitrate=N/A speed=72.9x elapsed=0:00:08.65    
[hls @ 000001adcaa8db80] Opening 'C:\ProgramData\Jellyfin\Server\cache\transcodes\7e6ad766012374ef0181d7de51435e0178.ts' for writing
[hls @ 000001adcaa8db80] Opening 'C:\ProgramData\Jellyfin\Server\cache\transcodes\7e6ad766012374ef0181d7de51435e0179.ts' for writing
[hls @ 000001adcaa8db80] Opening 'C:\ProgramData\Jellyfin\Server\cache\transcodes\7e6ad766012374ef0181d7de51435e0180.ts' for writing
[hls @ 000001adcaa8db80] Opening 'C:\ProgramData\Jellyfin\Server\cache\transcodes\7e6ad766012374ef0181d7de51435e0181.ts' for writing
frame=17114 fps=1867 q=-1.0 size=N/A time=00:11:10.41 bitrate=N/A speed=73.1x elapsed=0:00:09.16    
[hls @ 000001adcaa8db80] Opening 'C:\ProgramData\Jellyfin\Server\cache\transcodes\7e6ad766012374ef0181d7de51435e0182.ts' for writing
[hls @ 000001adcaa8db80] Opening 'C:\ProgramData\Jellyfin\Server\cache\transcodes\7e6ad766012374ef0181d7de51435e0183.ts' for writing
[hls @ 000001adcaa8db80] Opening 'C:\ProgramData\Jellyfin\Server\cache\transcodes\7e6ad766012374ef0181d7de51435e0184.ts' for writing
[hls @ 000001adcaa8db80] Opening 'C:\ProgramData\Jellyfin\Server\cache\transcodes\7e6ad766012374ef0181d7de51435e0185.ts' for writing
[hls @ 000001adcaa8db80] Opening 'C:\ProgramData\Jellyfin\Server\cache\transcodes\7e6ad766012374ef0181d7de51435e0186.ts' for writing
frame=18033 fps=1865 q=-1.0 size=N/A time=00:11:48.76 bitrate=N/A speed=73.3x elapsed=0:00:09.66    
[hls @ 000001adcaa8db80] Opening 'C:\ProgramData\Jellyfin\Server\cache\transcodes\7e6ad766012374ef0181d7de51435e0187.ts' for writing
[hls @ 000001adcaa8db80] Opening 'C:\ProgramData\Jellyfin\Server\cache\transcodes\7e6ad766012374ef0181d7de51435e0188.ts' for writing
[hls @ 000001adcaa8db80] Opening 'C:\ProgramData\Jellyfin\Server\cache\transcodes\7e6ad766012374ef0181d7de51435e0189.ts' for writing
frame=18951 fps=1863 q=-1.0 size=N/A time=00:12:27.04 bitrate=N/A speed=73.5x elapsed=0:00:10.16    
[hls @ 000001adcaa8db80] Opening 'C:\ProgramData\Jellyfin\Server\cache\transcodes\7e6ad766012374ef0181d7de51435e0190.ts' for writing
[hls @ 000001adcaa8db80] Opening 'C:\ProgramData\Jellyfin\Server\cache\transcodes\7e6ad766012374ef0181d7de51435e0191.ts' for writing
[hls @ 000001adcaa8db80] Opening 'C:\ProgramData\Jellyfin\Server\cache\transcodes\7e6ad766012374ef0181d7de51435e0192.ts' for writing
[hls @ 000001adcaa8db80] Opening 'C:\ProgramData\Jellyfin\Server\cache\transcodes\7e6ad766012374ef0181d7de51435e0193.ts' for writing
frame=19922 fps=1864 q=-1.0 size=N/A time=00:13:07.56 bitrate=N/A speed=73.7x elapsed=0:00:10.68    
[hls @ 000001adcaa8db80] Opening 'C:\ProgramData\Jellyfin\Server\cache\transcodes\7e6ad766012374ef0181d7de51435e0194.ts' for writing
[hls @ 000001adcaa8db80] Opening 'C:\ProgramData\Jellyfin\Server\cache\transcodes\7e6ad766012374ef0181d7de51435e0195.ts' for writing
[hls @ 000001adcaa8db80] Opening 'C:\ProgramData\Jellyfin\Server\cache\transcodes\7e6ad766012374ef0181d7de51435e0196.ts' for writing
[hls @ 000001adcaa8db80] Opening 'C:\ProgramData\Jellyfin\Server\cache\transcodes\7e6ad766012374ef0181d7de51435e0197.ts' for writing
[hls @ 000001adcaa8db80] Opening 'C:\ProgramData\Jellyfin\Server\cache\transcodes\7e6ad766012374ef0181d7de51435e0198.ts' for writing
[hls @ 000001adcaa8db80] Opening 'C:\ProgramData\Jellyfin\Server\cache\transcodes\7e6ad766012374ef0181d7de51435e0199.ts' for writing
frame=20868 fps=1863 q=-1.0 size=N/A time=00:13:46.99 bitrate=N/A speed=73.8x elapsed=0:00:11.20    
[hls @ 000001adcaa8db80] Opening 'C:\ProgramData\Jellyfin\Server\cache\transcodes\7e6ad766012374ef0181d7de51435e01100.ts' for writing
[hls @ 000001adcaa8db80] Opening 'C:\ProgramData\Jellyfin\Server\cache\transcodes\7e6ad766012374ef0181d7de51435e01101.ts' for writing
[hls @ 000001adcaa8db80] Opening 'C:\ProgramData\Jellyfin\Server\cache\transcodes\7e6ad766012374ef0181d7de51435e01102.ts' for writing
[hls @ 000001adcaa8db80] Opening 'C:\ProgramData\Jellyfin\Server\cache\transcodes\7e6ad766012374ef0181d7de51435e01103.ts' for writing
frame=21803 fps=1863 q=-1.0 size=N/A time=00:14:25.96 bitrate=N/A speed=  74x elapsed=0:00:11.70    
[hls @ 000001adcaa8db80] Opening 'C:\ProgramData\Jellyfin\Server\cache\transcodes\7e6ad766012374ef0181d7de51435e01104.ts' for writing
[hls @ 000001adcaa8db80] Opening 'C:\ProgramData\Jellyfin\Server\cache\transcodes\7e6ad766012374ef0181d7de51435e01105.ts' for writing
[hls @ 000001adcaa8db80] Opening 'C:\ProgramData\Jellyfin\Server\cache\transcodes\7e6ad766012374ef0181d7de51435e01106.ts' for writing
[hls @ 000001adcaa8db80] Opening 'C:\ProgramData\Jellyfin\Server\cache\transcodes\7e6ad766012374ef0181d7de51435e01107.ts' for writing
frame=22742 fps=1863 q=-1.0 size=N/A time=00:15:05.13 bitrate=N/A speed=74.2x elapsed=0:00:12.20    
[hls @ 000001adcaa8db80] Opening 'C:\ProgramData\Jellyfin\Server\cache\transcodes\7e6ad766012374ef0181d7de51435e01108.ts' for writing
[hls @ 000001adcaa8db80] Opening 'C:\ProgramData\Jellyfin\Server\cache\transcodes\7e6ad766012374ef0181d7de51435e01109.ts' for writing
[hls @ 000001adcaa8db80] Opening 'C:\ProgramData\Jellyfin\Server\cache\transcodes\7e6ad766012374ef0181d7de51435e01110.ts' for writing
[hls @ 000001adcaa8db80] Opening 'C:\ProgramData\Jellyfin\Server\cache\transcodes\7e6ad766012374ef0181d7de51435e01111.ts' for writing
[hls @ 000001adcaa8db80] Opening 'C:\ProgramData\Jellyfin\Server\cache\transcodes\7e6ad766012374ef0181d7de51435e01112.ts' for writing
frame=23691 fps=1864 q=-1.0 size=N/A time=00:15:44.71 bitrate=N/A speed=74.3x elapsed=0:00:12.70    
[hls @ 000001adcaa8db80] Opening 'C:\ProgramData\Jellyfin\Server\cache\transcodes\7e6ad766012374ef0181d7de51435e01113.ts' for writing
[hls @ 000001adcaa8db80] Opening 'C:\ProgramData\Jellyfin\Server\cache\transcodes\7e6ad766012374ef0181d7de51435e01114.ts' for writing
[hls @ 000001adcaa8db80] Opening 'C:\ProgramData\Jellyfin\Server\cache\transcodes\7e6ad766012374ef0181d7de51435e01115.ts' for writing
[hls @ 000001adcaa8db80] Opening 'C:\ProgramData\Jellyfin\Server\cache\transcodes\7e6ad766012374ef0181d7de51435e01116.ts' for writing
[hls @ 000001adcaa8db80] Opening 'C:\ProgramData\Jellyfin\Server\cache\transcodes\7e6ad766012374ef0181d7de51435e01117.ts' for writing
[hls @ 000001adcaa8db80] Opening 'C:\ProgramData\Jellyfin\Server\cache\transcodes\7e6ad766012374ef0181d7de51435e01118.ts' for writing
[hls @ 000001adcaa8db80] Opening 'C:\ProgramData\Jellyfin\Server\cache\transcodes\7e6ad766012374ef0181d7de51435e01119.ts' for writing
frame=24644 fps=1864 q=-1.0 size=N/A time=00:16:24.50 bitrate=N/A speed=74.5x elapsed=0:00:13.22    
[hls @ 000001adcaa8db80] Opening 'C:\ProgramData\Jellyfin\Server\cache\transcodes\7e6ad766012374ef0181d7de51435e01120.ts' for writing
[hls @ 000001adcaa8db80] Opening 'C:\ProgramData\Jellyfin\Server\cache\transcodes\7e6ad766012374ef0181d7de51435e01121.ts' for writing
[hls @ 000001adcaa8db80] Opening 'C:\ProgramData\Jellyfin\Server\cache\transcodes\7e6ad766012374ef0181d7de51435e01122.ts' for writing
[hls @ 000001adcaa8db80] Opening 'C:\ProgramData\Jellyfin\Server\cache\transcodes\7e6ad766012374ef0181d7de51435e01123.ts' for writing
[hls @ 000001adcaa8db80] Opening 'C:\ProgramData\Jellyfin\Server\cache\transcodes\7e6ad766012374ef0181d7de51435e01124.ts' for writing
[hls @ 000001adcaa8db80] Opening 'C:\ProgramData\Jellyfin\Server\cache\transcodes\7e6ad766012374ef0181d7de51435e01125.ts' for writing
[hls @ 000001adcaa8db80] Opening 'C:\ProgramData\Jellyfin\Server\cache\transcodes\7e6ad766012374ef0181d7de51435e01126.ts' for writing
[hls @ 000001adcaa8db80] Opening 'C:\ProgramData\Jellyfin\Server\cache\transcodes\7e6ad766012374ef0181d7de51435e01127.ts' for writing
[hls @ 000001adcaa8db80] Opening 'C:\ProgramData\Jellyfin\Server\cache\transcodes\7e6ad766012374ef0181d7de51435e01128.ts' for writing
frame=25635 fps=1866 q=-1.0 size=N/A time=00:17:05.80 bitrate=N/A speed=74.7x elapsed=0:00:13.73    
[hls @ 000001adcaa8db80] Opening 'C:\ProgramData\Jellyfin\Server\cache\transcodes\7e6ad766012374ef0181d7de51435e01129.ts' for writing
[hls @ 000001adcaa8db80] Opening 'C:\ProgramData\Jellyfin\Server\cache\transcodes\7e6ad766012374ef0181d7de51435e01130.ts' for writing
[hls @ 000001adcaa8db80] Opening 'C:\ProgramData\Jellyfin\Server\cache\transcodes\7e6ad766012374ef0181d7de51435e01131.ts' for writing
[hls @ 000001adcaa8db80] Opening 'C:\ProgramData\Jellyfin\Server\cache\transcodes\7e6ad766012374ef0181d7de51435e01132.ts' for writing
[hls @ 000001adcaa8db80] Opening 'C:\ProgramData\Jellyfin\Server\cache\transcodes\7e6ad766012374ef0181d7de51435e01133.ts' for writing
[hls @ 000001adcaa8db80] Opening 'C:\ProgramData\Jellyfin\Server\cache\transcodes\7e6ad766012374ef0181d7de51435e01134.ts' for writing
[hls @ 000001adcaa8db80] Opening 'C:\ProgramData\Jellyfin\Server\cache\transcodes\7e6ad766012374ef0181d7de51435e01135.ts' for writing
[hls @ 000001adcaa8db80] Opening 'C:\ProgramData\Jellyfin\Server\cache\transcodes\7e6ad766012374ef0181d7de51435e01136.ts' for writing
frame=26629 fps=1868 q=-1.0 size=N/A time=00:17:47.28 bitrate=N/A speed=74.9x elapsed=0:00:14.25    
[hls @ 000001adcaa8db80] Opening 'C:\ProgramData\Jellyfin\Server\cache\transcodes\7e6ad766012374ef0181d7de51435e01137.ts' for writing
[hls @ 000001adcaa8db80] Opening 'C:\ProgramData\Jellyfin\Server\cache\transcodes\7e6ad766012374ef0181d7de51435e01138.ts' for writing
[hls @ 000001adcaa8db80] Opening 'C:\ProgramData\Jellyfin\Server\cache\transcodes\7e6ad766012374ef0181d7de51435e01139.ts' for writing
[hls @ 000001adcaa8db80] Opening 'C:\ProgramData\Jellyfin\Server\cache\transcodes\7e6ad766012374ef0181d7de51435e01140.ts' for writing
[hls @ 000001adcaa8db80] Opening 'C:\ProgramData\Jellyfin\Server\cache\transcodes\7e6ad766012374ef0181d7de51435e01141.ts' for writing
[hls @ 000001adcaa8db80] Opening 'C:\ProgramData\Jellyfin\Server\cache\transcodes\7e6ad766012374ef0181d7de51435e01142.ts' for writing
[hls @ 000001adcaa8db80] Opening 'C:\ProgramData\Jellyfin\Server\cache\transcodes\7e6ad766012374ef0181d7de51435e01143.ts' for writing
[hls @ 000001adcaa8db80] Opening 'C:\ProgramData\Jellyfin\Server\cache\transcodes\7e6ad766012374ef0181d7de51435e01144.ts' for writing
[hls @ 000001adcaa8db80] Opening 'C:\ProgramData\Jellyfin\Server\cache\transcodes\7e6ad766012374ef0181d7de51435e01145.ts' for writing
[hls @ 000001adcaa8db80] Opening 'C:\ProgramData\Jellyfin\Server\cache\transcodes\7e6ad766012374ef0181d7de51435e01146.ts' for writing
[hls @ 000001adcaa8db80] Opening 'C:\ProgramData\Jellyfin\Server\cache\transcodes\7e6ad766012374ef0181d7de51435e01147.ts' for writing
[hls @ 000001adcaa8db80] Opening 'C:\ProgramData\Jellyfin\Server\cache\transcodes\7e6ad766012374ef0181d7de51435e01148.ts' for writing
frame=27594 fps=1868 q=-1.0 size=N/A time=00:18:27.50 bitrate=N/A speed=  75x elapsed=0:00:14.76    
[hls @ 000001adcaa8db80] Opening 'C:\ProgramData\Jellyfin\Server\cache\transcodes\7e6ad766012374ef0181d7de51435e01149.ts' for writing
[hls @ 000001adcaa8db80] Opening 'C:\ProgramData\Jellyfin\Server\cache\transcodes\7e6ad766012374ef0181d7de51435e01150.ts' for writing
[hls @ 000001adcaa8db80] Opening 'C:\ProgramData\Jellyfin\Server\cache\transcodes\7e6ad766012374ef0181d7de51435e01151.ts' for writing
[hls @ 000001adcaa8db80] Opening 'C:\ProgramData\Jellyfin\Server\cache\transcodes\7e6ad766012374ef0181d7de51435e01152.ts' for writing
[hls @ 000001adcaa8db80] Opening 'C:\ProgramData\Jellyfin\Server\cache\transcodes\7e6ad766012374ef0181d7de51435e01153.ts' for writing
[hls @ 000001adcaa8db80] Opening 'C:\ProgramData\Jellyfin\Server\cache\transcodes\7e6ad766012374ef0181d7de51435e01154.ts' for writing
frame=28397 fps=1858 q=-1.0 size=N/A time=00:19:01.00 bitrate=N/A speed=74.7x elapsed=0:00:15.28    
[hls @ 000001adcaa8db80] Opening 'C:\ProgramData\Jellyfin\Server\cache\transcodes\7e6ad766012374ef0181d7de51435e01155.ts' for writing
[hls @ 000001adcaa8db80] Opening 'C:\ProgramData\Jellyfin\Server\cache\transcodes\7e6ad766012374ef0181d7de51435e01156.ts' for writing
[hls @ 000001adcaa8db80] Opening 'C:\ProgramData\Jellyfin\Server\cache\transcodes\7e6ad766012374ef0181d7de51435e01157.ts' for writing
[hls @ 000001adcaa8db80] Opening 'C:\ProgramData\Jellyfin\Server\cache\transcodes\7e6ad766012374ef0181d7de51435e01158.ts' for writing
[hls @ 000001adcaa8db80] Opening 'C:\ProgramData\Jellyfin\Server\cache\transcodes\7e6ad766012374ef0181d7de51435e01159.ts' for writing
frame=29243 fps=1851 q=-1.0 size=N/A time=00:19:36.43 bitrate=N/A speed=74.5x elapsed=0:00:15.79    
[hls @ 000001adcaa8db80] Opening 'C:\ProgramData\Jellyfin\Server\cache\transcodes\7e6ad766012374ef0181d7de51435e01160.ts' for writing
[hls @ 000001adcaa8db80] Opening 'C:\ProgramData\Jellyfin\Server\cache\transcodes\7e6ad766012374ef0181d7de51435e01161.ts' for writing
[hls @ 000001adcaa8db80] Opening 'C:\ProgramData\Jellyfin\Server\cache\transcodes\7e6ad766012374ef0181d7de51435e01162.ts' for writing
frame=30163 fps=1850 q=-1.0 size=N/A time=00:20:14.66 bitrate=N/A speed=74.5x elapsed=0:00:16.30    
[hls @ 000001adcaa8db80] Opening 'C:\ProgramData\Jellyfin\Server\cache\transcodes\7e6ad766012374ef0181d7de51435e01163.ts' for writing
[hls @ 000001adcaa8db80] Opening 'C:\ProgramData\Jellyfin\Server\cache\transcodes\7e6ad766012374ef0181d7de51435e01164.ts' for writing
[hls @ 000001adcaa8db80] Opening 'C:\ProgramData\Jellyfin\Server\cache\transcodes\7e6ad766012374ef0181d7de51435e01165.ts' for writing
[hls @ 000001adcaa8db80] Opening 'C:\ProgramData\Jellyfin\Server\cache\transcodes\7e6ad766012374ef0181d7de51435e01166.ts' for writing
[hls @ 000001adcaa8db80] Opening 'C:\ProgramData\Jellyfin\Server\cache\transcodes\7e6ad766012374ef0181d7de51435e01167.ts' for writing
frame=31115 fps=1850 q=-1.0 size=N/A time=00:20:54.36 bitrate=N/A speed=74.6x elapsed=0:00:16.81    
[hls @ 000001adcaa8db80] Opening 'C:\ProgramData\Jellyfin\Server\cache\transcodes\7e6ad766012374ef0181d7de51435e01168.ts' for writing
[hls @ 000001adcaa8db80] Opening 'C:\ProgramData\Jellyfin\Server\cache\transcodes\7e6ad766012374ef0181d7de51435e01169.ts' for writing
[hls @ 000001adcaa8db80] Opening 'C:\ProgramData\Jellyfin\Server\cache\transcodes\7e6ad766012374ef0181d7de51435e01170.ts' for writing
[hls @ 000001adcaa8db80] Opening 'C:\ProgramData\Jellyfin\Server\cache\transcodes\7e6ad766012374ef0181d7de51435e01171.ts' for writing
frame=32026 fps=1849 q=-1.0 size=N/A time=00:21:32.35 bitrate=N/A speed=74.6x elapsed=0:00:17.31    
[hls @ 000001adcaa8db80] Opening 'C:\ProgramData\Jellyfin\Server\cache\transcodes\7e6ad766012374ef0181d7de51435e01172.ts' for writing
[hls @ 000001adcaa8db80] Opening 'C:\ProgramData\Jellyfin\Server\cache\transcodes\7e6ad766012374ef0181d7de51435e01173.ts' for writing
[hls @ 000001adcaa8db80] Opening 'C:\ProgramData\Jellyfin\Server\cache\transcodes\7e6ad766012374ef0181d7de51435e01174.ts' for writing
[hls @ 000001adcaa8db80] Opening 'C:\ProgramData\Jellyfin\Server\cache\transcodes\7e6ad766012374ef0181d7de51435e01175.ts' for writing
[hls @ 000001adcaa8db80] Opening 'C:\ProgramData\Jellyfin\Server\cache\transcodes\7e6ad766012374ef0181d7de51435e01176.ts' for writing
frame=32902 fps=1846 q=-1.0 size=N/A time=00:22:08.92 bitrate=N/A speed=74.6x elapsed=0:00:17.82    
[hls @ 000001adcaa8db80] Opening 'C:\ProgramData\Jellyfin\Server\cache\transcodes\7e6ad766012374ef0181d7de51435e01177.ts' for writing
[hls @ 000001adcaa8db80] Opening 'C:\ProgramData\Jellyfin\Server\cache\transcodes\7e6ad766012374ef0181d7de51435e01178.ts' for writing
[hls @ 000001adcaa8db80] Opening 'C:\ProgramData\Jellyfin\Server\cache\transcodes\7e6ad766012374ef0181d7de51435e01179.ts' for writing
frame=33776 fps=1843 q=-1.0 size=N/A time=00:22:45.36 bitrate=N/A speed=74.5x elapsed=0:00:18.32    
[hls @ 000001adcaa8db80] Opening 'C:\ProgramData\Jellyfin\Server\cache\transcodes\7e6ad766012374ef0181d7de51435e01180.ts' for writing
[hls @ 000001adcaa8db80] Opening 'C:\ProgramData\Jellyfin\Server\cache\transcodes\7e6ad766012374ef0181d7de51435e01181.ts' for writing
[hls @ 000001adcaa8db80] Opening 'C:\ProgramData\Jellyfin\Server\cache\transcodes\7e6ad766012374ef0181d7de51435e01182.ts' for writing
[hls @ 000001adcaa8db80] Opening 'C:\ProgramData\Jellyfin\Server\cache\transcodes\7e6ad766012374ef0181d7de51435e01183.ts' for writing
[hls @ 000001adcaa8db80] Opening 'C:\ProgramData\Jellyfin\Server\cache\transcodes\7e6ad766012374ef0181d7de51435e01184.ts' for writing
frame=34677 fps=1842 q=-1.0 size=N/A time=00:23:22.94 bitrate=N/A speed=74.5x elapsed=0:00:18.82    
[hls @ 000001adcaa8db80] Opening 'C:\ProgramData\Jellyfin\Server\cache\transcodes\7e6ad766012374ef0181d7de51435e01185.ts' for writing
[hls @ 000001adcaa8db80] Opening 'C:\ProgramData\Jellyfin\Server\cache\transcodes\7e6ad766012374ef0181d7de51435e01186.ts' for writing
[hls @ 000001adcaa8db80] Opening 'C:\ProgramData\Jellyfin\Server\cache\transcodes\7e6ad766012374ef0181d7de51435e01187.ts' for writing
[hls @ 000001adcaa8db80] Opening 'C:\ProgramData\Jellyfin\Server\cache\transcodes\7e6ad766012374ef0181d7de51435e01188.ts' for writing
[hls @ 000001adcaa8db80] Opening 'C:\ProgramData\Jellyfin\Server\cache\transcodes\7e6ad766012374ef0181d7de51435e01189.ts' for writing
frame=35613 fps=1841 q=-1.0 size=N/A time=00:24:01.96 bitrate=N/A speed=74.5x elapsed=0:00:19.34    
[hls @ 000001adcaa8db80] Opening 'C:\ProgramData\Jellyfin\Server\cache\transcodes\7e6ad766012374ef0181d7de51435e01190.ts' for writing
[hls @ 000001adcaa8db80] Opening 'C:\ProgramData\Jellyfin\Server\cache\transcodes\7e6ad766012374ef0181d7de51435e01191.ts' for writing
[hls @ 000001adcaa8db80] Opening 'C:\ProgramData\Jellyfin\Server\cache\transcodes\7e6ad766012374ef0181d7de51435e01192.ts' for writing
[hls @ 000001adcaa8db80] Opening 'C:\ProgramData\Jellyfin\Server\cache\transcodes\7e6ad766012374ef0181d7de51435e01193.ts' for writing
frame=36525 fps=1839 q=-1.0 size=N/A time=00:24:40.03 bitrate=N/A speed=74.5x elapsed=0:00:19.85    
[hls @ 000001adcaa8db80] Opening 'C:\ProgramData\Jellyfin\Server\cache\transcodes\7e6ad766012374ef0181d7de51435e01194.ts' for writing
[hls @ 000001adcaa8db80] Opening 'C:\ProgramData\Jellyfin\Server\cache\transcodes\7e6ad766012374ef0181d7de51435e01195.ts' for writing
[hls @ 000001adcaa8db80] Opening 'C:\ProgramData\Jellyfin\Server\cache\transcodes\7e6ad766012374ef0181d7de51435e01196.ts' for writing
[hls @ 000001adcaa8db80] Opening 'C:\ProgramData\Jellyfin\Server\cache\transcodes\7e6ad766012374ef0181d7de51435e01197.ts' for writing
[hls @ 000001adcaa8db80] Opening 'C:\ProgramData\Jellyfin\Server\cache\transcodes\7e6ad766012374ef0181d7de51435e01198.ts' for writing
[hls @ 000001adcaa8db80] Opening 'C:\ProgramData\Jellyfin\Server\cache\transcodes\7e6ad766012374ef0181d7de51435e01199.ts' for writing
[hls @ 000001adcaa8db80] Opening 'C:\ProgramData\Jellyfin\Server\cache\transcodes\7e6ad766012374ef0181d7de51435e01200.ts' for writing
frame=37412 fps=1837 q=-1.0 size=N/A time=00:25:17.01 bitrate=N/A speed=74.5x elapsed=0:00:20.36    
[hls @ 000001adcaa8db80] Opening 'C:\ProgramData\Jellyfin\Server\cache\transcodes\7e6ad766012374ef0181d7de51435e01201.ts' for writing
[hls @ 000001adcaa8db80] Opening 'C:\ProgramData\Jellyfin\Server\cache\transcodes\7e6ad766012374ef0181d7de51435e01202.ts' for writing
[hls @ 000001adcaa8db80] Opening 'C:\ProgramData\Jellyfin\Server\cache\transcodes\7e6ad766012374ef0181d7de51435e01203.ts' for writing
[hls @ 000001adcaa8db80] Opening 'C:\ProgramData\Jellyfin\Server\cache\transcodes\7e6ad766012374ef0181d7de51435e01204.ts' for writing
frame=38359 fps=1838 q=-1.0 size=N/A time=00:25:56.52 bitrate=N/A speed=74.6x elapsed=0:00:20.87    
[hls @ 000001adcaa8db80] Opening 'C:\ProgramData\Jellyfin\Server\cache\transcodes\7e6ad766012374ef0181d7de51435e01205.ts' for writing
[hls @ 000001adcaa8db80] Opening 'C:\ProgramData\Jellyfin\Server\cache\transcodes\7e6ad766012374ef0181d7de51435e01206.ts' for writing
[hls @ 000001adcaa8db80] Opening 'C:\ProgramData\Jellyfin\Server\cache\transcodes\7e6ad766012374ef0181d7de51435e01207.ts' for writing
[hls @ 000001adcaa8db80] Opening 'C:\ProgramData\Jellyfin\Server\cache\transcodes\7e6ad766012374ef0181d7de51435e01208.ts' for writing
[hls @ 000001adcaa8db80] Opening 'C:\ProgramData\Jellyfin\Server\cache\transcodes\7e6ad766012374ef0181d7de51435e01209.ts' for writing
frame=39321 fps=1838 q=-1.0 size=N/A time=00:26:36.62 bitrate=N/A speed=74.6x elapsed=0:00:21.39    
[hls @ 000001adcaa8db80] Opening 'C:\ProgramData\Jellyfin\Server\cache\transcodes\7e6ad766012374ef0181d7de51435e01210.ts' for writing
[hls @ 000001adcaa8db80] Opening 'C:\ProgramData\Jellyfin\Server\cache\transcodes\7e6ad766012374ef0181d7de51435e01211.ts' for writing
[hls @ 000001adcaa8db80] Opening 'C:\ProgramData\Jellyfin\Server\cache\transcodes\7e6ad766012374ef0181d7de51435e01212.ts' for writing
[hls @ 000001adcaa8db80] Opening 'C:\ProgramData\Jellyfin\Server\cache\transcodes\7e6ad766012374ef0181d7de51435e01213.ts' for writing
[hls @ 000001adcaa8db80] Opening 'C:\ProgramData\Jellyfin\Server\cache\transcodes\7e6ad766012374ef0181d7de51435e01214.ts' for writing
frame=40294 fps=1840 q=-1.0 size=N/A time=00:27:17.23 bitrate=N/A speed=74.8x elapsed=0:00:21.90    
[hls @ 000001adcaa8db80] Opening 'C:\ProgramData\Jellyfin\Server\cache\transcodes\7e6ad766012374ef0181d7de51435e01215.ts' for writing
[hls @ 000001adcaa8db80] Opening 'C:\ProgramData\Jellyfin\Server\cache\transcodes\7e6ad766012374ef0181d7de51435e01216.ts' for writing
[hls @ 000001adcaa8db80] Opening 'C:\ProgramData\Jellyfin\Server\cache\transcodes\7e6ad766012374ef0181d7de51435e01217.ts' for writing
[hls @ 000001adcaa8db80] Opening 'C:\ProgramData\Jellyfin\Server\cache\transcodes\7e6ad766012374ef0181d7de51435e01218.ts' for writing
[hls @ 000001adcaa8db80] Opening 'C:\ProgramData\Jellyfin\Server\cache\transcodes\7e6ad766012374ef0181d7de51435e01219.ts' for writing
frame=41210 fps=1839 q=-1.0 size=N/A time=00:27:55.41 bitrate=N/A speed=74.8x elapsed=0:00:22.40    
[hls @ 000001adcaa8db80] Opening 'C:\ProgramData\Jellyfin\Server\cache\transcodes\7e6ad766012374ef0181d7de51435e01220.ts' for writing
[hls @ 000001adcaa8db80] Opening 'C:\ProgramData\Jellyfin\Server\cache\transcodes\7e6ad766012374ef0181d7de51435e01221.ts' for writing
[hls @ 000001adcaa8db80] Opening 'C:\ProgramData\Jellyfin\Server\cache\transcodes\7e6ad766012374ef0181d7de51435e01222.ts' for writing
[hls @ 000001adcaa8db80] Opening 'C:\ProgramData\Jellyfin\Server\cache\transcodes\7e6ad766012374ef0181d7de51435e01223.ts' for writing
[hls @ 000001adcaa8db80] Opening 'C:\ProgramData\Jellyfin\Server\cache\transcodes\7e6ad766012374ef0181d7de51435e01224.ts' for writing
frame=42184 fps=1841 q=-1.0 size=N/A time=00:28:36.04 bitrate=N/A speed=74.9x elapsed=0:00:22.91    
[hls @ 000001adcaa8db80] Opening 'C:\ProgramData\Jellyfin\Server\cache\transcodes\7e6ad766012374ef0181d7de51435e01225.ts' for writing
[hls @ 000001adcaa8db80] Opening 'C:\ProgramData\Jellyfin\Server\cache\transcodes\7e6ad766012374ef0181d7de51435e01226.ts' for writing
[hls @ 000001adcaa8db80] Opening 'C:\ProgramData\Jellyfin\Server\cache\transcodes\7e6ad766012374ef0181d7de51435e01227.ts' for writing
[hls @ 000001adcaa8db80] Opening 'C:\ProgramData\Jellyfin\Server\cache\transcodes\7e6ad766012374ef0181d7de51435e01228.ts' for writing
frame=43141 fps=1841 q=-1.0 size=N/A time=00:29:15.98 bitrate=N/A speed=74.9x elapsed=0:00:23.43    
[hls @ 000001adcaa8db80] Opening 'C:\ProgramData\Jellyfin\Server\cache\transcodes\7e6ad766012374ef0181d7de51435e01229.ts' for writing
[hls @ 000001adcaa8db80] Opening 'C:\ProgramData\Jellyfin\Server\cache\transcodes\7e6ad766012374ef0181d7de51435e01230.ts' for writing
[hls @ 000001adcaa8db80] Opening 'C:\ProgramData\Jellyfin\Server\cache\transcodes\7e6ad766012374ef0181d7de51435e01231.ts' for writing
[hls @ 000001adcaa8db80] Opening 'C:\ProgramData\Jellyfin\Server\cache\transcodes\7e6ad766012374ef0181d7de51435e01232.ts' for writing
frame=44016 fps=1838 q=-1.0 size=N/A time=00:29:52.46 bitrate=N/A speed=74.8x elapsed=0:00:23.94    
[hls @ 000001adcaa8db80] Opening 'C:\ProgramData\Jellyfin\Server\cache\transcodes\7e6ad766012374ef0181d7de51435e01233.ts' for writing
[hls @ 000001adcaa8db80] Opening 'C:\ProgramData\Jellyfin\Server\cache\transcodes\7e6ad766012374ef0181d7de51435e01234.ts' for writing
[hls @ 000001adcaa8db80] Opening 'C:\ProgramData\Jellyfin\Server\cache\transcodes\7e6ad766012374ef0181d7de51435e01235.ts' for writing
[hls @ 000001adcaa8db80] Opening 'C:\ProgramData\Jellyfin\Server\cache\transcodes\7e6ad766012374ef0181d7de51435e01236.ts' for writing
frame=44910 fps=1836 q=-1.0 size=N/A time=00:30:29.73 bitrate=N/A speed=74.8x elapsed=0:00:24.46    
[hls @ 000001adcaa8db80] Opening 'C:\ProgramData\Jellyfin\Server\cache\transcodes\7e6ad766012374ef0181d7de51435e01237.ts' for writing
[hls @ 000001adcaa8db80] Opening 'C:\ProgramData\Jellyfin\Server\cache\transcodes\7e6ad766012374ef0181d7de51435e01238.ts' for writing
[hls @ 000001adcaa8db80] Opening 'C:\ProgramData\Jellyfin\Server\cache\transcodes\7e6ad766012374ef0181d7de51435e01239.ts' for writing
[hls @ 000001adcaa8db80] Opening 'C:\ProgramData\Jellyfin\Server\cache\transcodes\7e6ad766012374ef0181d7de51435e01240.ts' for writing
[hls @ 000001adcaa8db80] Opening 'C:\ProgramData\Jellyfin\Server\cache\transcodes\7e6ad766012374ef0181d7de51435e01241.ts' for writing
[hls @ 000001adcaa8db80] Opening 'C:\ProgramData\Jellyfin\Server\cache\transcodes\7e6ad766012374ef0181d7de51435e01242.ts' for writing
[hls @ 000001adcaa8db80] Opening 'C:\ProgramData\Jellyfin\Server\cache\transcodes\7e6ad766012374ef0181d7de51435e01243.ts' for writing
frame=45842 fps=1837 q=-1.0 size=N/A time=00:31:08.59 bitrate=N/A speed=74.9x elapsed=0:00:24.96    
[hls @ 000001adcaa8db80] Opening 'C:\ProgramData\Jellyfin\Server\cache\transcodes\7e6ad766012374ef0181d7de51435e01244.ts' for writing
[hls @ 000001adcaa8db80] Opening 'C:\ProgramData\Jellyfin\Server\cache\transcodes\7e6ad766012374ef0181d7de51435e01245.ts' for writing
[hls @ 000001adcaa8db80] Opening 'C:\ProgramData\Jellyfin\Server\cache\transcodes\7e6ad766012374ef0181d7de51435e01246.ts' for writing
[hls @ 000001adcaa8db80] Opening 'C:\ProgramData\Jellyfin\Server\cache\transcodes\7e6ad766012374ef0181d7de51435e01247.ts' for writing
[hls @ 000001adcaa8db80] Opening 'C:\ProgramData\Jellyfin\Server\cache\transcodes\7e6ad766012374ef0181d7de51435e01248.ts' for writing
frame=46795 fps=1838 q=-1.0 size=N/A time=00:31:48.36 bitrate=N/A speed=  75x elapsed=0:00:25.46    
[hls @ 000001adcaa8db80] Opening 'C:\ProgramData\Jellyfin\Server\cache\transcodes\7e6ad766012374ef0181d7de51435e01249.ts' for writing
[hls @ 000001adcaa8db80] Opening 'C:\ProgramData\Jellyfin\Server\cache\transcodes\7e6ad766012374ef0181d7de51435e01250.ts' for writing
[hls @ 000001adcaa8db80] Opening 'C:\ProgramData\Jellyfin\Server\cache\transcodes\7e6ad766012374ef0181d7de51435e01251.ts' for writing
[hls @ 000001adcaa8db80] Opening 'C:\ProgramData\Jellyfin\Server\cache\transcodes\7e6ad766012374ef0181d7de51435e01252.ts' for writing
[hls @ 000001adcaa8db80] Opening 'C:\ProgramData\Jellyfin\Server\cache\transcodes\7e6ad766012374ef0181d7de51435e01253.ts' for writing
[hls @ 000001adcaa8db80] Opening 'C:\ProgramData\Jellyfin\Server\cache\transcodes\7e6ad766012374ef0181d7de51435e01254.ts' for writing
[hls @ 000001adcaa8db80] Opening 'C:\ProgramData\Jellyfin\Server\cache\transcodes\7e6ad766012374ef0181d7de51435e01255.ts' for writing
[hls @ 000001adcaa8db80] Opening 'C:\ProgramData\Jellyfin\Server\cache\transcodes\7e6ad766012374ef0181d7de51435e01256.ts' for writing
[hls @ 000001adcaa8db80] Opening 'C:\ProgramData\Jellyfin\Server\cache\transcodes\7e6ad766012374ef0181d7de51435e01257.ts' for writing
[hls @ 000001adcaa8db80] Opening 'C:\ProgramData\Jellyfin\Server\cache\transcodes\7e6ad766012374ef0181d7de51435e01258.ts' for writing
frame=47709 fps=1838 q=-1.0 size=N/A time=00:32:26.49 bitrate=N/A speed=  75x elapsed=0:00:25.96    
[hls @ 000001adcaa8db80] Opening 'C:\ProgramData\Jellyfin\Server\cache\transcodes\7e6ad766012374ef0181d7de51435e01259.ts' for writing
[hls @ 000001adcaa8db80] Opening 'C:\ProgramData\Jellyfin\Server\cache\transcodes\7e6ad766012374ef0181d7de51435e01260.ts' for writing
[hls @ 000001adcaa8db80] Opening 'C:\ProgramData\Jellyfin\Server\cache\transcodes\7e6ad766012374ef0181d7de51435e01261.ts' for writing
[hls @ 000001adcaa8db80] Opening 'C:\ProgramData\Jellyfin\Server\cache\transcodes\7e6ad766012374ef0181d7de51435e01262.ts' for writing
[hls @ 000001adcaa8db80] Opening 'C:\ProgramData\Jellyfin\Server\cache\transcodes\7e6ad766012374ef0181d7de51435e01263.ts' for writing
[hls @ 000001adcaa8db80] Opening 'C:\ProgramData\Jellyfin\Server\cache\transcodes\7e6ad766012374ef0181d7de51435e01264.ts' for writing
frame=48656 fps=1838 q=-1.0 size=N/A time=00:33:05.97 bitrate=N/A speed=  75x elapsed=0:00:26.47    
[hls @ 000001adcaa8db80] Opening 'C:\ProgramData\Jellyfin\Server\cache\transcodes\7e6ad766012374ef0181d7de51435e01265.ts' for writing
[hls @ 000001adcaa8db80] Opening 'C:\ProgramData\Jellyfin\Server\cache\transcodes\7e6ad766012374ef0181d7de51435e01266.ts' for writing
[hls @ 000001adcaa8db80] Opening 'C:\ProgramData\Jellyfin\Server\cache\transcodes\7e6ad766012374ef0181d7de51435e01267.ts' for writing
[hls @ 000001adcaa8db80] Opening 'C:\ProgramData\Jellyfin\Server\cache\transcodes\7e6ad766012374ef0181d7de51435e01268.ts' for writing
frame=49595 fps=1837 q=-1.0 size=N/A time=00:33:45.14 bitrate=N/A speed=  75x elapsed=0:00:26.99    
[hls @ 000001adcaa8db80] Opening 'C:\ProgramData\Jellyfin\Server\cache\transcodes\7e6ad766012374ef0181d7de51435e01269.ts' for writing
[hls @ 000001adcaa8db80] Opening 'C:\ProgramData\Jellyfin\Server\cache\transcodes\7e6ad766012374ef0181d7de51435e01270.ts' for writing
[hls @ 000001adcaa8db80] Opening 'C:\ProgramData\Jellyfin\Server\cache\transcodes\7e6ad766012374ef0181d7de51435e01271.ts' for writing
[hls @ 000001adcaa8db80] Opening 'C:\ProgramData\Jellyfin\Server\cache\transcodes\7e6ad766012374ef0181d7de51435e01272.ts' for writing
frame=50527 fps=1838 q=-1.0 size=N/A time=00:34:24.00 bitrate=N/A speed=75.1x elapsed=0:00:27.49    
[hls @ 000001adcaa8db80] Opening 'C:\ProgramData\Jellyfin\Server\cache\transcodes\7e6ad766012374ef0181d7de51435e01273.ts' for writing
[hls @ 000001adcaa8db80] Opening 'C:\ProgramData\Jellyfin\Server\cache\transcodes\7e6ad766012374ef0181d7de51435e01274.ts' for writing
[hls @ 000001adcaa8db80] Opening 'C:\ProgramData\Jellyfin\Server\cache\transcodes\7e6ad766012374ef0181d7de51435e01275.ts' for writing
[hls @ 000001adcaa8db80] Opening 'C:\ProgramData\Jellyfin\Server\cache\transcodes\7e6ad766012374ef0181d7de51435e01276.ts' for writing
[hls @ 000001adcaa8db80] Opening 'C:\ProgramData\Jellyfin\Server\cache\transcodes\7e6ad766012374ef0181d7de51435e01277.ts' for writing
[hls @ 000001adcaa8db80] Opening 'C:\ProgramData\Jellyfin\Server\cache\transcodes\7e6ad766012374ef0181d7de51435e01278.ts' for writing
[hls @ 000001adcaa8db80] Opening 'C:\ProgramData\Jellyfin\Server\cache\transcodes\7e6ad766012374ef0181d7de51435e01279.ts' for writing
[hls @ 000001adcaa8db80] Opening 'C:\ProgramData\Jellyfin\Server\cache\transcodes\7e6ad766012374ef0181d7de51435e01280.ts' for writing
[hls @ 000001adcaa8db80] Opening 'C:\ProgramData\Jellyfin\Server\cache\transcodes\7e6ad766012374ef0181d7de51435e01281.ts' for writing
[hls @ 000001adcaa8db80] Opening 'C:\ProgramData\Jellyfin\Server\cache\transcodes\7e6ad766012374ef0181d7de51435e01282.ts' for writing
[hls @ 000001adcaa8db80] Opening 'C:\ProgramData\Jellyfin\Server\cache\transcodes\7e6ad766012374ef0181d7de51435e01283.ts' for writing
frame=52447 fps=1840 q=-1.0 size=N/A time=00:35:44.11 bitrate=N/A speed=75.2x elapsed=0:00:28.50    
[hls @ 000001adcaa8db80] Opening 'C:\ProgramData\Jellyfin\Server\cache\transcodes\7e6ad766012374ef0181d7de51435e01284.ts' for writing
[hls @ 000001adcaa8db80] Opening 'C:\ProgramData\Jellyfin\Server\cache\transcodes\7e6ad766012374ef0181d7de51435e01285.ts' for writing
[hls @ 000001adcaa8db80] Opening 'C:\ProgramData\Jellyfin\Server\cache\transcodes\7e6ad766012374ef0181d7de51435e01286.ts' for writing
[hls @ 000001adcaa8db80] Opening 'C:\ProgramData\Jellyfin\Server\cache\transcodes\7e6ad766012374ef0181d7de51435e01287.ts' for writing
frame=53390 fps=1840 q=-1.0 size=N/A time=00:36:23.42 bitrate=N/A speed=75.2x elapsed=0:00:29.01    
[hls @ 000001adcaa8db80] Opening 'C:\ProgramData\Jellyfin\Server\cache\transcodes\7e6ad766012374ef0181d7de51435e01288.ts' for writing
[hls @ 000001adcaa8db80] Opening 'C:\ProgramData\Jellyfin\Server\cache\transcodes\7e6ad766012374ef0181d7de51435e01289.ts' for writing
[hls @ 000001adcaa8db80] Opening 'C:\ProgramData\Jellyfin\Server\cache\transcodes\7e6ad766012374ef0181d7de51435e01290.ts' for writing
[hls @ 000001adcaa8db80] Opening 'C:\ProgramData\Jellyfin\Server\cache\transcodes\7e6ad766012374ef0181d7de51435e01291.ts' for writing
[hls @ 000001adcaa8db80] Opening 'C:\ProgramData\Jellyfin\Server\cache\transcodes\7e6ad766012374ef0181d7de51435e01292.ts' for writing
frame=54327 fps=1839 q=-1.0 size=N/A time=00:37:02.49 bitrate=N/A speed=75.3x elapsed=0:00:29.53    
[hls @ 000001adcaa8db80] Opening 'C:\ProgramData\Jellyfin\Server\cache\transcodes\7e6ad766012374ef0181d7de51435e01293.ts' for writing
[hls @ 000001adcaa8db80] Opening 'C:\ProgramData\Jellyfin\Server\cache\transcodes\7e6ad766012374ef0181d7de51435e01294.ts' for writing
[hls @ 000001adcaa8db80] Opening 'C:\ProgramData\Jellyfin\Server\cache\transcodes\7e6ad766012374ef0181d7de51435e01295.ts' for writing
[hls @ 000001adcaa8db80] Opening 'C:\ProgramData\Jellyfin\Server\cache\transcodes\7e6ad766012374ef0181d7de51435e01296.ts' for writing
frame=55248 fps=1839 q=-1.0 size=N/A time=00:37:40.94 bitrate=N/A speed=75.2x elapsed=0:00:30.04    
[hls @ 000001adcaa8db80] Opening 'C:\ProgramData\Jellyfin\Server\cache\transcodes\7e6ad766012374ef0181d7de51435e01297.ts' for writing
[hls @ 000001adcaa8db80] Opening 'C:\ProgramData\Jellyfin\Server\cache\transcodes\7e6ad766012374ef0181d7de51435e01298.ts' for writing
[hls @ 000001adcaa8db80] Opening 'C:\ProgramData\Jellyfin\Server\cache\transcodes\7e6ad766012374ef0181d7de51435e01299.ts' for writing
frame=56137 fps=1838 q=-1.0 size=N/A time=00:38:18.00 bitrate=N/A speed=75.2x elapsed=0:00:30.55    
[hls @ 000001adcaa8db80] Opening 'C:\ProgramData\Jellyfin\Server\cache\transcodes\7e6ad766012374ef0181d7de51435e01300.ts' for writing
[hls @ 000001adcaa8db80] Opening 'C:\ProgramData\Jellyfin\Server\cache\transcodes\7e6ad766012374ef0181d7de51435e01301.ts' for writing
[hls @ 000001adcaa8db80] Opening 'C:\ProgramData\Jellyfin\Server\cache\transcodes\7e6ad766012374ef0181d7de51435e01302.ts' for writing
[hls @ 000001adcaa8db80] Opening 'C:\ProgramData\Jellyfin\Server\cache\transcodes\7e6ad766012374ef0181d7de51435e01303.ts' for writing
[hls @ 000001adcaa8db80] Opening 'C:\ProgramData\Jellyfin\Server\cache\transcodes\7e6ad766012374ef0181d7de51435e01304.ts' for writing
frame=57011 fps=1836 q=-1.0 size=N/A time=00:38:54.48 bitrate=N/A speed=75.2x elapsed=0:00:31.05    
[hls @ 000001adcaa8db80] Opening 'C:\ProgramData\Jellyfin\Server\cache\transcodes\7e6ad766012374ef0181d7de51435e01305.ts' for writing
[hls @ 000001adcaa8db80] Opening 'C:\ProgramData\Jellyfin\Server\cache\transcodes\7e6ad766012374ef0181d7de51435e01306.ts' for writing
[hls @ 000001adcaa8db80] Opening 'C:\ProgramData\Jellyfin\Server\cache\transcodes\7e6ad766012374ef0181d7de51435e01307.ts' for writing
[hls @ 000001adcaa8db80] Opening 'C:\ProgramData\Jellyfin\Server\cache\transcodes\7e6ad766012374ef0181d7de51435e01308.ts' for writing
[hls @ 000001adcaa8db80] Opening 'C:\ProgramData\Jellyfin\Server\cache\transcodes\7e6ad766012374ef0181d7de51435e01309.ts' for writing
[hls @ 000001adcaa8db80] Opening 'C:\ProgramData\Jellyfin\Server\cache\transcodes\7e6ad766012374ef0181d7de51435e01310.ts' for writing
frame=57938 fps=1836 q=-1.0 size=N/A time=00:39:33.12 bitrate=N/A speed=75.2x elapsed=0:00:31.55    
[hls @ 000001adcaa8db80] Opening 'C:\ProgramData\Jellyfin\Server\cache\transcodes\7e6ad766012374ef0181d7de51435e01311.ts' for writing
[hls @ 000001adcaa8db80] Opening 'C:\ProgramData\Jellyfin\Server\cache\transcodes\7e6ad766012374ef0181d7de51435e01312.ts' for writing
[hls @ 000001adcaa8db80] Opening 'C:\ProgramData\Jellyfin\Server\cache\transcodes\7e6ad766012374ef0181d7de51435e01313.ts' for writing
[hls @ 000001adcaa8db80] Opening 'C:\ProgramData\Jellyfin\Server\cache\transcodes\7e6ad766012374ef0181d7de51435e01314.ts' for writing
[hls @ 000001adcaa8db80] Opening 'C:\ProgramData\Jellyfin\Server\cache\transcodes\7e6ad766012374ef0181d7de51435e01315.ts' for writing
frame=58866 fps=1836 q=-1.0 size=N/A time=00:40:11.80 bitrate=N/A speed=75.2x elapsed=0:00:32.05    
[hls @ 000001adcaa8db80] Opening 'C:\ProgramData\Jellyfin\Server\cache\transcodes\7e6ad766012374ef0181d7de51435e01316.ts' for writing
[hls @ 000001adcaa8db80] Opening 'C:\ProgramData\Jellyfin\Server\cache\transcodes\7e6ad766012374ef0181d7de51435e01317.ts' for writing
[hls @ 000001adcaa8db80] Opening 'C:\ProgramData\Jellyfin\Server\cache\transcodes\7e6ad766012374ef0181d7de51435e01318.ts' for writing
[hls @ 000001adcaa8db80] Opening 'C:\ProgramData\Jellyfin\Server\cache\transcodes\7e6ad766012374ef0181d7de51435e01319.ts' for writing
frame=59740 fps=1835 q=-1.0 size=N/A time=00:40:48.28 bitrate=N/A speed=75.2x elapsed=0:00:32.55    
[hls @ 000001adcaa8db80] Opening 'C:\ProgramData\Jellyfin\Server\cache\transcodes\7e6ad766012374ef0181d7de51435e01320.ts' for writing
[hls @ 000001adcaa8db80] Opening 'C:\ProgramData\Jellyfin\Server\cache\transcodes\7e6ad766012374ef0181d7de51435e01321.ts' for writing
[hls @ 000001adcaa8db80] Opening 'C:\ProgramData\Jellyfin\Server\cache\transcodes\7e6ad766012374ef0181d7de51435e01322.ts' for writing
frame=60711 fps=1836 q=-1.0 size=N/A time=00:41:28.77 bitrate=N/A speed=75.3x elapsed=0:00:33.07    
[hls @ 000001adcaa8db80] Opening 'C:\ProgramData\Jellyfin\Server\cache\transcodes\7e6ad766012374ef0181d7de51435e01323.ts' for writing
[hls @ 000001adcaa8db80] Opening 'C:\ProgramData\Jellyfin\Server\cache\transcodes\7e6ad766012374ef0181d7de51435e01324.ts' for writing
[hls @ 000001adcaa8db80] Opening 'C:\ProgramData\Jellyfin\Server\cache\transcodes\7e6ad766012374ef0181d7de51435e01325.ts' for writing
[hls @ 000001adcaa8db80] Opening 'C:\ProgramData\Jellyfin\Server\cache\transcodes\7e6ad766012374ef0181d7de51435e01326.ts' for writing
[hls @ 000001adcaa8db80] Opening 'C:\ProgramData\Jellyfin\Server\cache\transcodes\7e6ad766012374ef0181d7de51435e01327.ts' for writing
frame=61586 fps=1834 q=-1.0 size=N/A time=00:42:05.28 bitrate=N/A speed=75.2x elapsed=0:00:33.57    
[hls @ 000001adcaa8db80] Opening 'C:\ProgramData\Jellyfin\Server\cache\transcodes\7e6ad766012374ef0181d7de51435e01328.ts' for writing
[hls @ 000001adcaa8db80] Opening 'C:\ProgramData\Jellyfin\Server\cache\transcodes\7e6ad766012374ef0181d7de51435e01329.ts' for writing
[hls @ 000001adcaa8db80] Opening 'C:\ProgramData\Jellyfin\Server\cache\transcodes\7e6ad766012374ef0181d7de51435e01330.ts' for writing
[hls @ 000001adcaa8db80] Opening 'C:\ProgramData\Jellyfin\Server\cache\transcodes\7e6ad766012374ef0181d7de51435e01331.ts' for writing
[hls @ 000001adcaa8db80] Opening 'C:\ProgramData\Jellyfin\Server\cache\transcodes\7e6ad766012374ef0181d7de51435e01332.ts' for writing
frame=62526 fps=1835 q=-1.0 size=N/A time=00:42:44.47 bitrate=N/A speed=75.3x elapsed=0:00:34.07    
[hls @ 000001adcaa8db80] Opening 'C:\ProgramData\Jellyfin\Server\cache\transcodes\7e6ad766012374ef0181d7de51435e01333.ts' for writing
[hls @ 000001adcaa8db80] Opening 'C:\ProgramData\Jellyfin\Server\cache\transcodes\7e6ad766012374ef0181d7de51435e01334.ts' for writing
[hls @ 000001adcaa8db80] Opening 'C:\ProgramData\Jellyfin\Server\cache\transcodes\7e6ad766012374ef0181d7de51435e01335.ts' for writing
[hls @ 000001adcaa8db80] Opening 'C:\ProgramData\Jellyfin\Server\cache\transcodes\7e6ad766012374ef0181d7de51435e01336.ts' for writing
[hls @ 000001adcaa8db80] Opening 'C:\ProgramData\Jellyfin\Server\cache\transcodes\7e6ad766012374ef0181d7de51435e01337.ts' for writing
frame=63443 fps=1834 q=-1.0 size=N/A time=00:43:22.72 bitrate=N/A speed=75.2x elapsed=0:00:34.58    
[hls @ 000001adcaa8db80] Opening 'C:\ProgramData\Jellyfin\Server\cache\transcodes\7e6ad766012374ef0181d7de51435e01338.ts' for writing
[hls @ 000001adcaa8db80] Opening 'C:\ProgramData\Jellyfin\Server\cache\transcodes\7e6ad766012374ef0181d7de51435e01339.ts' for writing
[hls @ 000001adcaa8db80] Opening 'C:\ProgramData\Jellyfin\Server\cache\transcodes\7e6ad766012374ef0181d7de51435e01340.ts' for writing
[hls @ 000001adcaa8db80] Opening 'C:\ProgramData\Jellyfin\Server\cache\transcodes\7e6ad766012374ef0181d7de51435e01341.ts' for writing
[hls @ 000001adcaa8db80] Opening 'C:\ProgramData\Jellyfin\Server\cache\transcodes\7e6ad766012374ef0181d7de51435e01342.ts' for writing
[hls @ 000001adcaa8db80] Opening 'C:\ProgramData\Jellyfin\Server\cache\transcodes\7e6ad766012374ef0181d7de51435e01343.ts' for writing
[hls @ 000001adcaa8db80] Opening 'C:\ProgramData\Jellyfin\Server\cache\transcodes\7e6ad766012374ef0181d7de51435e01344.ts' for writing
frame=65309 fps=1834 q=-1.0 size=N/A time=00:44:40.53 bitrate=N/A speed=75.3x elapsed=0:00:35.60    
[hls @ 000001adcaa8db80] Opening 'C:\ProgramData\Jellyfin\Server\cache\transcodes\7e6ad766012374ef0181d7de51435e01345.ts' for writing
[hls @ 000001adcaa8db80] Opening 'C:\ProgramData\Jellyfin\Server\cache\transcodes\7e6ad766012374ef0181d7de51435e01346.ts' for writing
[hls @ 000001adcaa8db80] Opening 'C:\ProgramData\Jellyfin\Server\cache\transcodes\7e6ad766012374ef0181d7de51435e01347.ts' for writing
[hls @ 000001adcaa8db80] Opening 'C:\ProgramData\Jellyfin\Server\cache\transcodes\7e6ad766012374ef0181d7de51435e01348.ts' for writing
[hls @ 000001adcaa8db80] Opening 'C:\ProgramData\Jellyfin\Server\cache\transcodes\7e6ad766012374ef0181d7de51435e01349.ts' for writing
frame=66252 fps=1834 q=-1.0 size=N/A time=00:45:19.89 bitrate=N/A speed=75.3x elapsed=0:00:36.11    
[hls @ 000001adcaa8db80] Opening 'C:\ProgramData\Jellyfin\Server\cache\transcodes\7e6ad766012374ef0181d7de51435e01350.ts' for writing
[hls @ 000001adcaa8db80] Opening 'C:\ProgramData\Jellyfin\Server\cache\transcodes\7e6ad766012374ef0181d7de51435e01351.ts' for writing
[hls @ 000001adcaa8db80] Opening 'C:\ProgramData\Jellyfin\Server\cache\transcodes\7e6ad766012374ef0181d7de51435e01352.ts' for writing
frame=67180 fps=1834 q=-1.0 size=N/A time=00:45:58.60 bitrate=N/A speed=75.3x elapsed=0:00:36.63    
[hls @ 000001adcaa8db80] Opening 'C:\ProgramData\Jellyfin\Server\cache\transcodes\7e6ad766012374ef0181d7de51435e01353.ts' for writing
[hls @ 000001adcaa8db80] Opening 'C:\ProgramData\Jellyfin\Server\cache\transcodes\7e6ad766012374ef0181d7de51435e01354.ts' for writing
[hls @ 000001adcaa8db80] Opening 'C:\ProgramData\Jellyfin\Server\cache\transcodes\7e6ad766012374ef0181d7de51435e01355.ts' for writing
[hls @ 000001adcaa8db80] Opening 'C:\ProgramData\Jellyfin\Server\cache\transcodes\7e6ad766012374ef0181d7de51435e01356.ts' for writing
[hls @ 000001adcaa8db80] Opening 'C:\ProgramData\Jellyfin\Server\cache\transcodes\7e6ad766012374ef0181d7de51435e01357.ts' for writing
frame=68094 fps=1833 q=-1.0 size=N/A time=00:46:36.72 bitrate=N/A speed=75.3x elapsed=0:00:37.14    
[hls @ 000001adcaa8db80] Opening 'C:\ProgramData\Jellyfin\Server\cache\transcodes\7e6ad766012374ef0181d7de51435e01358.ts' for writing
[hls @ 000001adcaa8db80] Opening 'C:\ProgramData\Jellyfin\Server\cache\transcodes\7e6ad766012374ef0181d7de51435e01359.ts' for writing
[hls @ 000001adcaa8db80] Opening 'C:\ProgramData\Jellyfin\Server\cache\transcodes\7e6ad766012374ef0181d7de51435e01360.ts' for writing
[hls @ 000001adcaa8db80] Opening 'C:\ProgramData\Jellyfin\Server\cache\transcodes\7e6ad766012374ef0181d7de51435e01361.ts' for writing
[hls @ 000001adcaa8db80] Opening 'C:\ProgramData\Jellyfin\Server\cache\transcodes\7e6ad766012374ef0181d7de51435e01362.ts' for writing
frame=69041 fps=1833 q=-1.0 size=N/A time=00:47:16.20 bitrate=N/A speed=75.3x elapsed=0:00:37.65    
[hls @ 000001adcaa8db80] Opening 'C:\ProgramData\Jellyfin\Server\cache\transcodes\7e6ad766012374ef0181d7de51435e01363.ts' for writing
[hls @ 000001adcaa8db80] Opening 'C:\ProgramData\Jellyfin\Server\cache\transcodes\7e6ad766012374ef0181d7de51435e01364.ts' for writing
[hls @ 000001adcaa8db80] Opening 'C:\ProgramData\Jellyfin\Server\cache\transcodes\7e6ad766012374ef0181d7de51435e01365.ts' for writing
[hls @ 000001adcaa8db80] Opening 'C:\ProgramData\Jellyfin\Server\cache\transcodes\7e6ad766012374ef0181d7de51435e01366.ts' for writing
[hls @ 000001adcaa8db80] Opening 'C:\ProgramData\Jellyfin\Server\cache\transcodes\7e6ad766012374ef0181d7de51435e01367.ts' for writing
frame=69978 fps=1834 q=-1.0 size=N/A time=00:47:55.29 bitrate=N/A speed=75.3x elapsed=0:00:38.16    
[hls @ 000001adcaa8db80] Opening 'C:\ProgramData\Jellyfin\Server\cache\transcodes\7e6ad766012374ef0181d7de51435e01368.ts' for writing
[hls @ 000001adcaa8db80] Opening 'C:\ProgramData\Jellyfin\Server\cache\transcodes\7e6ad766012374ef0181d7de51435e01369.ts' for writing
[hls @ 000001adcaa8db80] Opening 'C:\ProgramData\Jellyfin\Server\cache\transcodes\7e6ad766012374ef0181d7de51435e01370.ts' for writing
[hls @ 000001adcaa8db80] Opening 'C:\ProgramData\Jellyfin\Server\cache\transcodes\7e6ad766012374ef0181d7de51435e01371.ts' for writing
[hls @ 000001adcaa8db80] Opening 'C:\ProgramData\Jellyfin\Server\cache\transcodes\7e6ad766012374ef0181d7de51435e01372.ts' for writing
[hls @ 000001adcaa8db80] Opening 'C:\ProgramData\Jellyfin\Server\cache\transcodes\7e6ad766012374ef0181d7de51435e01373.ts' for writing
frame=70948 fps=1834 q=-1.0 size=N/A time=00:48:35.73 bitrate=N/A speed=75.4x elapsed=0:00:38.67    
[hls @ 000001adcaa8db80] Opening 'C:\ProgramData\Jellyfin\Server\cache\transcodes\7e6ad766012374ef0181d7de51435e01374.ts' for writing
[hls @ 000001adcaa8db80] Opening 'C:\ProgramData\Jellyfin\Server\cache\transcodes\7e6ad766012374ef0181d7de51435e01375.ts' for writing
[hls @ 000001adcaa8db80] Opening 'C:\ProgramData\Jellyfin\Server\cache\transcodes\7e6ad766012374ef0181d7de51435e01376.ts' for writing
[hls @ 000001adcaa8db80] Opening 'C:\ProgramData\Jellyfin\Server\cache\transcodes\7e6ad766012374ef0181d7de51435e01377.ts' for writing
frame=71871 fps=1834 q=-1.0 size=N/A time=00:49:14.23 bitrate=N/A speed=75.4x elapsed=0:00:39.19    
[hls @ 000001adcaa8db80] Opening 'C:\ProgramData\Jellyfin\Server\cache\transcodes\7e6ad766012374ef0181d7de51435e01378.ts' for writing
[hls @ 000001adcaa8db80] Opening 'C:\ProgramData\Jellyfin\Server\cache\transcodes\7e6ad766012374ef0181d7de51435e01379.ts' for writing
[hls @ 000001adcaa8db80] Opening 'C:\ProgramData\Jellyfin\Server\cache\transcodes\7e6ad766012374ef0181d7de51435e01380.ts' for writing
[hls @ 000001adcaa8db80] Opening 'C:\ProgramData\Jellyfin\Server\cache\transcodes\7e6ad766012374ef0181d7de51435e01381.ts' for writing
frame=72798 fps=1834 q=-1.0 size=N/A time=00:49:52.92 bitrate=N/A speed=75.4x elapsed=0:00:39.69    
[hls @ 000001adcaa8db80] Opening 'C:\ProgramData\Jellyfin\Server\cache\transcodes\7e6ad766012374ef0181d7de51435e01382.ts' for writing
[hls @ 000001adcaa8db80] Opening 'C:\ProgramData\Jellyfin\Server\cache\transcodes\7e6ad766012374ef0181d7de51435e01383.ts' for writing
[hls @ 000001adcaa8db80] Opening 'C:\ProgramData\Jellyfin\Server\cache\transcodes\7e6ad766012374ef0181d7de51435e01384.ts' for writing
frame=73743 fps=1834 q=-1.0 size=N/A time=00:50:32.32 bitrate=N/A speed=75.4x elapsed=0:00:40.20    
[hls @ 000001adcaa8db80] Opening 'C:\ProgramData\Jellyfin\Server\cache\transcodes\7e6ad766012374ef0181d7de51435e01385.ts' for writing
[hls @ 000001adcaa8db80] Opening 'C:\ProgramData\Jellyfin\Server\cache\transcodes\7e6ad766012374ef0181d7de51435e01386.ts' for writing
[hls @ 000001adcaa8db80] Opening 'C:\ProgramData\Jellyfin\Server\cache\transcodes\7e6ad766012374ef0181d7de51435e01387.ts' for writing
[hls @ 000001adcaa8db80] Opening 'C:\ProgramData\Jellyfin\Server\cache\transcodes\7e6ad766012374ef0181d7de51435e01388.ts' for writing
[hls @ 000001adcaa8db80] Opening 'C:\ProgramData\Jellyfin\Server\cache\transcodes\7e6ad766012374ef0181d7de51435e01389.ts' for writing
frame=74707 fps=1835 q=-1.0 size=N/A time=00:51:12.64 bitrate=N/A speed=75.5x elapsed=0:00:40.72    
[hls @ 000001adcaa8db80] Opening 'C:\ProgramData\Jellyfin\Server\cache\transcodes\7e6ad766012374ef0181d7de51435e01390.ts' for writing
[hls @ 000001adcaa8db80] Opening 'C:\ProgramData\Jellyfin\Server\cache\transcodes\7e6ad766012374ef0181d7de51435e01391.ts' for writing
[hls @ 000001adcaa8db80] Opening 'C:\ProgramData\Jellyfin\Server\cache\transcodes\7e6ad766012374ef0181d7de51435e01392.ts' for writing
frame=75655 fps=1835 q=-1.0 size=N/A time=00:51:52.08 bitrate=N/A speed=75.5x elapsed=0:00:41.22    
[hls @ 000001adcaa8db80] Opening 'C:\ProgramData\Jellyfin\Server\cache\transcodes\7e6ad766012374ef0181d7de51435e01393.ts' for writing
[hls @ 000001adcaa8db80] Opening 'C:\ProgramData\Jellyfin\Server\cache\transcodes\7e6ad766012374ef0181d7de51435e01394.ts' for writing
[hls @ 000001adcaa8db80] Opening 'C:\ProgramData\Jellyfin\Server\cache\transcodes\7e6ad766012374ef0181d7de51435e01395.ts' for writing
[hls @ 000001adcaa8db80] Opening 'C:\ProgramData\Jellyfin\Server\cache\transcodes\7e6ad766012374ef0181d7de51435e01396.ts' for writing
frame=76563 fps=1835 q=-1.0 size=N/A time=00:52:29.97 bitrate=N/A speed=75.5x elapsed=0:00:41.72    
[hls @ 000001adcaa8db80] Opening 'C:\ProgramData\Jellyfin\Server\cache\transcodes\7e6ad766012374ef0181d7de51435e01397.ts' for writing
[hls @ 000001adcaa8db80] Opening 'C:\ProgramData\Jellyfin\Server\cache\transcodes\7e6ad766012374ef0181d7de51435e01398.ts' for writing
[hls @ 000001adcaa8db80] Opening 'C:\ProgramData\Jellyfin\Server\cache\transcodes\7e6ad766012374ef0181d7de51435e01399.ts' for writing
[hls @ 000001adcaa8db80] Opening 'C:\ProgramData\Jellyfin\Server\cache\transcodes\7e6ad766012374ef0181d7de51435e01400.ts' for writing
frame=77481 fps=1834 q=-1.0 size=N/A time=00:53:08.23 bitrate=N/A speed=75.5x elapsed=0:00:42.23    
[hls @ 000001adcaa8db80] Opening 'C:\ProgramData\Jellyfin\Server\cache\transcodes\7e6ad766012374ef0181d7de51435e01401.ts' for writing
[hls @ 000001adcaa8db80] Opening 'C:\ProgramData\Jellyfin\Server\cache\transcodes\7e6ad766012374ef0181d7de51435e01402.ts' for writing
[hls @ 000001adcaa8db80] Opening 'C:\ProgramData\Jellyfin\Server\cache\transcodes\7e6ad766012374ef0181d7de51435e01403.ts' for writing
[hls @ 000001adcaa8db80] Opening 'C:\ProgramData\Jellyfin\Server\cache\transcodes\7e6ad766012374ef0181d7de51435e01404.ts' for writing
frame=78472 fps=1835 q=-1.0 size=N/A time=00:53:49.56 bitrate=N/A speed=75.5x elapsed=0:00:42.75    
[hls @ 000001adcaa8db80] Opening 'C:\ProgramData\Jellyfin\Server\cache\transcodes\7e6ad766012374ef0181d7de51435e01405.ts' for writing
[hls @ 000001adcaa8db80] Opening 'C:\ProgramData\Jellyfin\Server\cache\transcodes\7e6ad766012374ef0181d7de51435e01406.ts' for writing
[hls @ 000001adcaa8db80] Opening 'C:\ProgramData\Jellyfin\Server\cache\transcodes\7e6ad766012374ef0181d7de51435e01407.ts' for writing
[hls @ 000001adcaa8db80] Opening 'C:\ProgramData\Jellyfin\Server\cache\transcodes\7e6ad766012374ef0181d7de51435e01408.ts' for writing
[hls @ 000001adcaa8db80] Opening 'C:\ProgramData\Jellyfin\Server\cache\transcodes\7e6ad766012374ef0181d7de51435e01409.ts' for writing
[hls @ 000001adcaa8db80] Opening 'C:\ProgramData\Jellyfin\Server\cache\transcodes\7e6ad766012374ef0181d7de51435e01410.ts' for writing
[hls @ 000001adcaa8db80] Opening 'C:\ProgramData\Jellyfin\Server\cache\transcodes\7e6ad766012374ef0181d7de51435e01411.ts' for writing
frame=79439 fps=1836 q=-1.0 size=N/A time=00:54:29.88 bitrate=N/A speed=75.6x elapsed=0:00:43.26    
[hls @ 000001adcaa8db80] Opening 'C:\ProgramData\Jellyfin\Server\cache\transcodes\7e6ad766012374ef0181d7de51435e01412.ts' for writing
[hls @ 000001adcaa8db80] Opening 'C:\ProgramData\Jellyfin\Server\cache\transcodes\7e6ad766012374ef0181d7de51435e01413.ts' for writing
[hls @ 000001adcaa8db80] Opening 'C:\ProgramData\Jellyfin\Server\cache\transcodes\7e6ad766012374ef0181d7de51435e01414.ts' for writing
[hls @ 000001adcaa8db80] Opening 'C:\ProgramData\Jellyfin\Server\cache\transcodes\7e6ad766012374ef0181d7de51435e01415.ts' for writing
[hls @ 000001adcaa8db80] Opening 'C:\ProgramData\Jellyfin\Server\cache\transcodes\7e6ad766012374ef0181d7de51435e01416.ts' for writing
frame=80376 fps=1836 q=-1.0 size=N/A time=00:55:08.97 bitrate=N/A speed=75.6x elapsed=0:00:43.78    
[hls @ 000001adcaa8db80] Opening 'C:\ProgramData\Jellyfin\Server\cache\transcodes\7e6ad766012374ef0181d7de51435e01417.ts' for writing
[hls @ 000001adcaa8db80] Opening 'C:\ProgramData\Jellyfin\Server\cache\transcodes\7e6ad766012374ef0181d7de51435e01418.ts' for writing
[hls @ 000001adcaa8db80] Opening 'C:\ProgramData\Jellyfin\Server\cache\transcodes\7e6ad766012374ef0181d7de51435e01419.ts' for writing
[hls @ 000001adcaa8db80] Opening 'C:\ProgramData\Jellyfin\Server\cache\transcodes\7e6ad766012374ef0181d7de51435e01420.ts' for writing
[hls @ 000001adcaa8db80] Opening 'C:\ProgramData\Jellyfin\Server\cache\transcodes\7e6ad766012374ef0181d7de51435e01421.ts' for writing
frame=81301 fps=1835 q=-1.0 size=N/A time=00:55:47.54 bitrate=N/A speed=75.6x elapsed=0:00:44.29    
[hls @ 000001adcaa8db80] Opening 'C:\ProgramData\Jellyfin\Server\cache\transcodes\7e6ad766012374ef0181d7de51435e01422.ts' for writing
[hls @ 000001adcaa8db80] Opening 'C:\ProgramData\Jellyfin\Server\cache\transcodes\7e6ad766012374ef0181d7de51435e01423.ts' for writing
[hls @ 000001adcaa8db80] Opening 'C:\ProgramData\Jellyfin\Server\cache\transcodes\7e6ad766012374ef0181d7de51435e01424.ts' for writing
[hls @ 000001adcaa8db80] Opening 'C:\ProgramData\Jellyfin\Server\cache\transcodes\7e6ad766012374ef0181d7de51435e01425.ts' for writing
frame=82209 fps=1835 q=-1.0 size=N/A time=00:56:25.44 bitrate=N/A speed=75.5x elapsed=0:00:44.81    
[hls @ 000001adcaa8db80] Opening 'C:\ProgramData\Jellyfin\Server\cache\transcodes\7e6ad766012374ef0181d7de51435e01426.ts' for writing
[hls @ 000001adcaa8db80] Opening 'C:\ProgramData\Jellyfin\Server\cache\transcodes\7e6ad766012374ef0181d7de51435e01427.ts' for writing
[hls @ 000001adcaa8db80] Opening 'C:\ProgramData\Jellyfin\Server\cache\transcodes\7e6ad766012374ef0181d7de51435e01428.ts' for writing
[hls @ 000001adcaa8db80] Opening 'C:\ProgramData\Jellyfin\Server\cache\transcodes\7e6ad766012374ef0181d7de51435e01429.ts' for writing
[hls @ 000001adcaa8db80] Opening 'C:\ProgramData\Jellyfin\Server\cache\transcodes\7e6ad766012374ef0181d7de51435e01430.ts' for writing
frame=83176 fps=1835 q=-1.0 size=N/A time=00:57:05.76 bitrate=N/A speed=75.6x elapsed=0:00:45.32    
[hls @ 000001adcaa8db80] Opening 'C:\ProgramData\Jellyfin\Server\cache\transcodes\7e6ad766012374ef0181d7de51435e01431.ts' for writing
[hls @ 000001adcaa8db80] Opening 'C:\ProgramData\Jellyfin\Server\cache\transcodes\7e6ad766012374ef0181d7de51435e01432.ts' for writing
[hls @ 000001adcaa8db80] Opening 'C:\ProgramData\Jellyfin\Server\cache\transcodes\7e6ad766012374ef0181d7de51435e01433.ts' for writing
[hls @ 000001adcaa8db80] Opening 'C:\ProgramData\Jellyfin\Server\cache\transcodes\7e6ad766012374ef0181d7de51435e01434.ts' for writing
frame=84155 fps=1836 q=-1.0 size=N/A time=00:57:46.58 bitrate=N/A speed=75.6x elapsed=0:00:45.84    
[hls @ 000001adcaa8db80] Opening 'C:\ProgramData\Jellyfin\Server\cache\transcodes\7e6ad766012374ef0181d7de51435e01435.ts' for writing
[hls @ 000001adcaa8db80] Opening 'C:\ProgramData\Jellyfin\Server\cache\transcodes\7e6ad766012374ef0181d7de51435e01436.ts' for writing
[hls @ 000001adcaa8db80] Opening 'C:\ProgramData\Jellyfin\Server\cache\transcodes\7e6ad766012374ef0181d7de51435e01437.ts' for writing
[hls @ 000001adcaa8db80] Opening 'C:\ProgramData\Jellyfin\Server\cache\transcodes\7e6ad766012374ef0181d7de51435e01438.ts' for writing
[hls @ 000001adcaa8db80] Opening 'C:\ProgramData\Jellyfin\Server\cache\transcodes\7e6ad766012374ef0181d7de51435e01439.ts' for writing
frame=85088 fps=1836 q=-1.0 size=N/A time=00:58:25.48 bitrate=N/A speed=75.6x elapsed=0:00:46.34    
[hls @ 000001adcaa8db80] Opening 'C:\ProgramData\Jellyfin\Server\cache\transcodes\7e6ad766012374ef0181d7de51435e01440.ts' for writing
[hls @ 000001adcaa8db80] Opening 'C:\ProgramData\Jellyfin\Server\cache\transcodes\7e6ad766012374ef0181d7de51435e01441.ts' for writing
[hls @ 000001adcaa8db80] Opening 'C:\ProgramData\Jellyfin\Server\cache\transcodes\7e6ad766012374ef0181d7de51435e01442.ts' for writing
[hls @ 000001adcaa8db80] Opening 'C:\ProgramData\Jellyfin\Server\cache\transcodes\7e6ad766012374ef0181d7de51435e01443.ts' for writing
[hls @ 000001adcaa8db80] Opening 'C:\ProgramData\Jellyfin\Server\cache\transcodes\7e6ad766012374ef0181d7de51435e01444.ts' for writing
frame=86021 fps=1836 q=-1.0 size=N/A time=00:59:04.44 bitrate=N/A speed=75.6x elapsed=0:00:46.85    
[hls @ 000001adcaa8db80] Opening 'C:\ProgramData\Jellyfin\Server\cache\transcodes\7e6ad766012374ef0181d7de51435e01445.ts' for writing
[hls @ 000001adcaa8db80] Opening 'C:\ProgramData\Jellyfin\Server\cache\transcodes\7e6ad766012374ef0181d7de51435e01446.ts' for writing
[hls @ 000001adcaa8db80] Opening 'C:\ProgramData\Jellyfin\Server\cache\transcodes\7e6ad766012374ef0181d7de51435e01447.ts' for writing
[hls @ 000001adcaa8db80] Opening 'C:\ProgramData\Jellyfin\Server\cache\transcodes\7e6ad766012374ef0181d7de51435e01448.ts' for writing
frame=86902 fps=1835 q=-1.0 size=N/A time=00:59:41.16 bitrate=N/A speed=75.6x elapsed=0:00:47.35    
[hls @ 000001adcaa8db80] Opening 'C:\ProgramData\Jellyfin\Server\cache\transcodes\7e6ad766012374ef0181d7de51435e01449.ts' for writing
[hls @ 000001adcaa8db80] Opening 'C:\ProgramData\Jellyfin\Server\cache\transcodes\7e6ad766012374ef0181d7de51435e01450.ts' for writing
[hls @ 000001adcaa8db80] Opening 'C:\ProgramData\Jellyfin\Server\cache\transcodes\7e6ad766012374ef0181d7de51435e01451.ts' for writing
[hls @ 000001adcaa8db80] Opening 'C:\ProgramData\Jellyfin\Server\cache\transcodes\7e6ad766012374ef0181d7de51435e01452.ts' for writing
frame=87864 fps=1835 q=-1.0 size=N/A time=01:00:21.28 bitrate=N/A speed=75.6x elapsed=0:00:47.87    
[hls @ 000001adcaa8db80] Opening 'C:\ProgramData\Jellyfin\Server\cache\transcodes\7e6ad766012374ef0181d7de51435e01453.ts' for writing
[hls @ 000001adcaa8db80] Opening 'C:\ProgramData\Jellyfin\Server\cache\transcodes\7e6ad766012374ef0181d7de51435e01454.ts' for writing
[hls @ 000001adcaa8db80] Opening 'C:\ProgramData\Jellyfin\Server\cache\transcodes\7e6ad766012374ef0181d7de51435e01455.ts' for writing
[hls @ 000001adcaa8db80] Opening 'C:\ProgramData\Jellyfin\Server\cache\transcodes\7e6ad766012374ef0181d7de51435e01456.ts' for writing
frame=88803 fps=1835 q=-1.0 size=N/A time=01:01:00.45 bitrate=N/A speed=75.6x elapsed=0:00:48.38    
[hls @ 000001adcaa8db80] Opening 'C:\ProgramData\Jellyfin\Server\cache\transcodes\7e6ad766012374ef0181d7de51435e01457.ts' for writing
[hls @ 000001adcaa8db80] Opening 'C:\ProgramData\Jellyfin\Server\cache\transcodes\7e6ad766012374ef0181d7de51435e01458.ts' for writing
[hls @ 000001adcaa8db80] Opening 'C:\ProgramData\Jellyfin\Server\cache\transcodes\7e6ad766012374ef0181d7de51435e01459.ts' for writing
[hls @ 000001adcaa8db80] Opening 'C:\ProgramData\Jellyfin\Server\cache\transcodes\7e6ad766012374ef0181d7de51435e01460.ts' for writing
[hls @ 000001adcaa8db80] Opening 'C:\ProgramData\Jellyfin\Server\cache\transcodes\7e6ad766012374ef0181d7de51435e01461.ts' for writing
[hls @ 000001adcaa8db80] Opening 'C:\ProgramData\Jellyfin\Server\cache\transcodes\7e6ad766012374ef0181d7de51435e01462.ts' for writing
frame=89716 fps=1835 q=-1.0 size=N/A time=01:01:38.54 bitrate=N/A speed=75.6x elapsed=0:00:48.89    
[hls @ 000001adcaa8db80] Opening 'C:\ProgramData\Jellyfin\Server\cache\transcodes\7e6ad766012374ef0181d7de51435e01463.ts' for writing
[hls @ 000001adcaa8db80] Opening 'C:\ProgramData\Jellyfin\Server\cache\transcodes\7e6ad766012374ef0181d7de51435e01464.ts' for writing
[hls @ 000001adcaa8db80] Opening 'C:\ProgramData\Jellyfin\Server\cache\transcodes\7e6ad766012374ef0181d7de51435e01465.ts' for writing
[hls @ 000001adcaa8db80] Opening 'C:\ProgramData\Jellyfin\Server\cache\transcodes\7e6ad766012374ef0181d7de51435e01466.ts' for writing
[hls @ 000001adcaa8db80] Opening 'C:\ProgramData\Jellyfin\Server\cache\transcodes\7e6ad766012374ef0181d7de51435e01467.ts' for writing
frame=90643 fps=1834 q=-1.0 size=N/A time=01:02:17.18 bitrate=N/A speed=75.6x elapsed=0:00:49.41    
[hls @ 000001adcaa8db80] Opening 'C:\ProgramData\Jellyfin\Server\cache\transcodes\7e6ad766012374ef0181d7de51435e01468.ts' for writing
[hls @ 000001adcaa8db80] Opening 'C:\ProgramData\Jellyfin\Server\cache\transcodes\7e6ad766012374ef0181d7de51435e01469.ts' for writing
[hls @ 000001adcaa8db80] Opening 'C:\ProgramData\Jellyfin\Server\cache\transcodes\7e6ad766012374ef0181d7de51435e01470.ts' for writing
[hls @ 000001adcaa8db80] Opening 'C:\ProgramData\Jellyfin\Server\cache\transcodes\7e6ad766012374ef0181d7de51435e01471.ts' for writing
[hls @ 000001adcaa8db80] Opening 'C:\ProgramData\Jellyfin\Server\cache\transcodes\7e6ad766012374ef0181d7de51435e01472.ts' for writing
frame=91592 fps=1835 q=-1.0 size=N/A time=01:02:56.78 bitrate=N/A speed=75.7x elapsed=0:00:49.91    
[hls @ 000001adcaa8db80] Opening 'C:\ProgramData\Jellyfin\Server\cache\transcodes\7e6ad766012374ef0181d7de51435e01473.ts' for writing
[hls @ 000001adcaa8db80] Opening 'C:\ProgramData\Jellyfin\Server\cache\transcodes\7e6ad766012374ef0181d7de51435e01474.ts' for writing
[hls @ 000001adcaa8db80] Opening 'C:\ProgramData\Jellyfin\Server\cache\transcodes\7e6ad766012374ef0181d7de51435e01475.ts' for writing
[hls @ 000001adcaa8db80] Opening 'C:\ProgramData\Jellyfin\Server\cache\transcodes\7e6ad766012374ef0181d7de51435e01476.ts' for writing
[hls @ 000001adcaa8db80] Opening 'C:\ProgramData\Jellyfin\Server\cache\transcodes\7e6ad766012374ef0181d7de51435e01477.ts' for writing
[hls @ 000001adcaa8db80] Opening 'C:\ProgramData\Jellyfin\Server\cache\transcodes\7e6ad766012374ef0181d7de51435e01478.ts' for writing
frame=92619 fps=1837 q=-1.0 size=N/A time=01:03:39.62 bitrate=N/A speed=75.7x elapsed=0:00:50.42    
[hls @ 000001adcaa8db80] Opening 'C:\ProgramData\Jellyfin\Server\cache\transcodes\7e6ad766012374ef0181d7de51435e01479.ts' for writing
[hls @ 000001adcaa8db80] Opening 'C:\ProgramData\Jellyfin\Server\cache\transcodes\7e6ad766012374ef0181d7de51435e01480.ts' for writing
[hls @ 000001adcaa8db80] Opening 'C:\ProgramData\Jellyfin\Server\cache\transcodes\7e6ad766012374ef0181d7de51435e01481.ts' for writing
[hls @ 000001adcaa8db80] Opening 'C:\ProgramData\Jellyfin\Server\cache\transcodes\7e6ad766012374ef0181d7de51435e01482.ts' for writing
[hls @ 000001adcaa8db80] Opening 'C:\ProgramData\Jellyfin\Server\cache\transcodes\7e6ad766012374ef0181d7de51435e01483.ts' for writing
[hls @ 000001adcaa8db80] Opening 'C:\ProgramData\Jellyfin\Server\cache\transcodes\7e6ad766012374ef0181d7de51435e01484.ts' for writing
frame=93570 fps=1837 q=-1.0 size=N/A time=01:04:19.27 bitrate=N/A speed=75.8x elapsed=0:00:50.94    
[hls @ 000001adcaa8db80] Opening 'C:\ProgramData\Jellyfin\Server\cache\transcodes\7e6ad766012374ef0181d7de51435e01485.ts' for writing
[hls @ 000001adcaa8db80] Opening 'C:\ProgramData\Jellyfin\Server\cache\transcodes\7e6ad766012374ef0181d7de51435e01486.ts' for writing
[hls @ 000001adcaa8db80] Opening 'C:\ProgramData\Jellyfin\Server\cache\transcodes\7e6ad766012374ef0181d7de51435e01487.ts' for writing
[hls @ 000001adcaa8db80] Opening 'C:\ProgramData\Jellyfin\Server\cache\transcodes\7e6ad766012374ef0181d7de51435e01488.ts' for writing
frame=94527 fps=1837 q=-1.0 size=N/A time=01:04:59.16 bitrate=N/A speed=75.8x elapsed=0:00:51.45    
[hls @ 000001adcaa8db80] Opening 'C:\ProgramData\Jellyfin\Server\cache\transcodes\7e6ad766012374ef0181d7de51435e01489.ts' for writing
[hls @ 000001adcaa8db80] Opening 'C:\ProgramData\Jellyfin\Server\cache\transcodes\7e6ad766012374ef0181d7de51435e01490.ts' for writing
[hls @ 000001adcaa8db80] Opening 'C:\ProgramData\Jellyfin\Server\cache\transcodes\7e6ad766012374ef0181d7de51435e01491.ts' for writing
[hls @ 000001adcaa8db80] Opening 'C:\ProgramData\Jellyfin\Server\cache\transcodes\7e6ad766012374ef0181d7de51435e01492.ts' for writing
frame=95420 fps=1836 q=-1.0 size=N/A time=01:05:36.43 bitrate=N/A speed=75.8x elapsed=0:00:51.95    
[hls @ 000001adcaa8db80] Opening 'C:\ProgramData\Jellyfin\Server\cache\transcodes\7e6ad766012374ef0181d7de51435e01493.ts' for writing
[hls @ 000001adcaa8db80] Opening 'C:\ProgramData\Jellyfin\Server\cache\transcodes\7e6ad766012374ef0181d7de51435e01494.ts' for writing
[hls @ 000001adcaa8db80] Opening 'C:\ProgramData\Jellyfin\Server\cache\transcodes\7e6ad766012374ef0181d7de51435e01495.ts' for writing
[hls @ 000001adcaa8db80] Opening 'C:\ProgramData\Jellyfin\Server\cache\transcodes\7e6ad766012374ef0181d7de51435e01496.ts' for writing
[hls @ 000001adcaa8db80] Opening 'C:\ProgramData\Jellyfin\Server\cache\transcodes\7e6ad766012374ef0181d7de51435e01497.ts' for writing
[hls @ 000001adcaa8db80] Opening 'C:\ProgramData\Jellyfin\Server\cache\transcodes\7e6ad766012374ef0181d7de51435e01498.ts' for writing
[hls @ 000001adcaa8db80] Opening 'C:\ProgramData\Jellyfin\Server\cache\transcodes\7e6ad766012374ef0181d7de51435e01499.ts' for writing
[hls @ 000001adcaa8db80] Opening 'C:\ProgramData\Jellyfin\Server\cache\transcodes\7e6ad766012374ef0181d7de51435e01500.ts' for writing
[hls @ 000001adcaa8db80] Opening 'C:\ProgramData\Jellyfin\Server\cache\transcodes\7e6ad766012374ef0181d7de51435e01501.ts' for writing
frame=97326 fps=1837 q=-1.0 size=N/A time=01:06:55.92 bitrate=N/A speed=75.8x elapsed=0:00:52.97    
[hls @ 000001adcaa8db80] Opening 'C:\ProgramData\Jellyfin\Server\cache\transcodes\7e6ad766012374ef0181d7de51435e01502.ts' for writing
[hls @ 000001adcaa8db80] Opening 'C:\ProgramData\Jellyfin\Server\cache\transcodes\7e6ad766012374ef0181d7de51435e01503.ts' for writing
[hls @ 000001adcaa8db80] Opening 'C:\ProgramData\Jellyfin\Server\cache\transcodes\7e6ad766012374ef0181d7de51435e01504.ts' for writing
[hls @ 000001adcaa8db80] Opening 'C:\ProgramData\Jellyfin\Server\cache\transcodes\7e6ad766012374ef0181d7de51435e01505.ts' for writing
frame=98248 fps=1837 q=-1.0 size=N/A time=01:07:34.36 bitrate=N/A speed=75.8x elapsed=0:00:53.48    
[hls @ 000001adcaa8db80] Opening 'C:\ProgramData\Jellyfin\Server\cache\transcodes\7e6ad766012374ef0181d7de51435e01506.ts' for writing
[hls @ 000001adcaa8db80] Opening 'C:\ProgramData\Jellyfin\Server\cache\transcodes\7e6ad766012374ef0181d7de51435e01507.ts' for writing
[hls @ 000001adcaa8db80] Opening 'C:\ProgramData\Jellyfin\Server\cache\transcodes\7e6ad766012374ef0181d7de51435e01508.ts' for writing
[hls @ 000001adcaa8db80] Opening 'C:\ProgramData\Jellyfin\Server\cache\transcodes\7e6ad766012374ef0181d7de51435e01509.ts' for writing
frame=99176 fps=1837 q=-1.0 size=N/A time=01:08:13.10 bitrate=N/A speed=75.8x elapsed=0:00:54.00    
[hls @ 000001adcaa8db80] Opening 'C:\ProgramData\Jellyfin\Server\cache\transcodes\7e6ad766012374ef0181d7de51435e01510.ts' for writing
[hls @ 000001adcaa8db80] Opening 'C:\ProgramData\Jellyfin\Server\cache\transcodes\7e6ad766012374ef0181d7de51435e01511.ts' for writing
[hls @ 000001adcaa8db80] Opening 'C:\ProgramData\Jellyfin\Server\cache\transcodes\7e6ad766012374ef0181d7de51435e01512.ts' for writing
[hls @ 000001adcaa8db80] Opening 'C:\ProgramData\Jellyfin\Server\cache\transcodes\7e6ad766012374ef0181d7de51435e01513.ts' for writing
frame=100095 fps=1837 q=-1.0 size=N/A time=01:08:51.43 bitrate=N/A speed=75.8x elapsed=0:00:54.50    
[hls @ 000001adcaa8db80] Opening 'C:\ProgramData\Jellyfin\Server\cache\transcodes\7e6ad766012374ef0181d7de51435e01514.ts' for writing
[hls @ 000001adcaa8db80] Opening 'C:\ProgramData\Jellyfin\Server\cache\transcodes\7e6ad766012374ef0181d7de51435e01515.ts' for writing
[hls @ 000001adcaa8db80] Opening 'C:\ProgramData\Jellyfin\Server\cache\transcodes\7e6ad766012374ef0181d7de51435e01516.ts' for writing
[hls @ 000001adcaa8db80] Opening 'C:\ProgramData\Jellyfin\Server\cache\transcodes\7e6ad766012374ef0181d7de51435e01517.ts' for writing
frame=101037 fps=1837 q=-1.0 size=N/A time=01:09:30.69 bitrate=N/A speed=75.8x elapsed=0:00:55.01    
[hls @ 000001adcaa8db80] Opening 'C:\ProgramData\Jellyfin\Server\cache\transcodes\7e6ad766012374ef0181d7de51435e01518.ts' for writing
[hls @ 000001adcaa8db80] Opening 'C:\ProgramData\Jellyfin\Server\cache\transcodes\7e6ad766012374ef0181d7de51435e01519.ts' for writing
[hls @ 000001adcaa8db80] Opening 'C:\ProgramData\Jellyfin\Server\cache\transcodes\7e6ad766012374ef0181d7de51435e01520.ts' for writing
[hls @ 000001adcaa8db80] Opening 'C:\ProgramData\Jellyfin\Server\cache\transcodes\7e6ad766012374ef0181d7de51435e01521.ts' for writing
[hls @ 000001adcaa8db80] Opening 'C:\ProgramData\Jellyfin\Server\cache\transcodes\7e6ad766012374ef0181d7de51435e01522.ts' for writing
frame=101944 fps=1836 q=-1.0 size=N/A time=01:10:08.52 bitrate=N/A speed=75.8x elapsed=0:00:55.51    
[hls @ 000001adcaa8db80] Opening 'C:\ProgramData\Jellyfin\Server\cache\transcodes\7e6ad766012374ef0181d7de51435e01523.ts' for writing
[hls @ 000001adcaa8db80] Opening 'C:\ProgramData\Jellyfin\Server\cache\transcodes\7e6ad766012374ef0181d7de51435e01524.ts' for writing
[hls @ 000001adcaa8db80] Opening 'C:\ProgramData\Jellyfin\Server\cache\transcodes\7e6ad766012374ef0181d7de51435e01525.ts' for writing
[hls @ 000001adcaa8db80] Opening 'C:\ProgramData\Jellyfin\Server\cache\transcodes\7e6ad766012374ef0181d7de51435e01526.ts' for writing
frame=102879 fps=1836 q=-1.0 size=N/A time=01:10:47.52 bitrate=N/A speed=75.8x elapsed=0:00:56.03    
[hls @ 000001adcaa8db80] Opening 'C:\ProgramData\Jellyfin\Server\cache\transcodes\7e6ad766012374ef0181d7de51435e01527.ts' for writing
[hls @ 000001adcaa8db80] Opening 'C:\ProgramData\Jellyfin\Server\cache\transcodes\7e6ad766012374ef0181d7de51435e01528.ts' for writing
[hls @ 000001adcaa8db80] Opening 'C:\ProgramData\Jellyfin\Server\cache\transcodes\7e6ad766012374ef0181d7de51435e01529.ts' for writing
[hls @ 000001adcaa8db80] Opening 'C:\ProgramData\Jellyfin\Server\cache\transcodes\7e6ad766012374ef0181d7de51435e01530.ts' for writing
[hls @ 000001adcaa8db80] Opening 'C:\ProgramData\Jellyfin\Server\cache\transcodes\7e6ad766012374ef0181d7de51435e01531.ts' for writing
[hls @ 000001adcaa8db80] Opening 'C:\ProgramData\Jellyfin\Server\cache\transcodes\7e6ad766012374ef0181d7de51435e01532.ts' for writing
[hls @ 000001adcaa8db80] Opening 'C:\ProgramData\Jellyfin\Server\cache\transcodes\7e6ad766012374ef0181d7de51435e01533.ts' for writing
frame=103751 fps=1835 q=-1.0 size=N/A time=01:11:23.90 bitrate=N/A speed=75.8x elapsed=0:00:56.53    
[hls @ 000001adcaa8db80] Opening 'C:\ProgramData\Jellyfin\Server\cache\transcodes\7e6ad766012374ef0181d7de51435e01534.ts' for writing
[hls @ 000001adcaa8db80] Opening 'C:\ProgramData\Jellyfin\Server\cache\transcodes\7e6ad766012374ef0181d7de51435e01535.ts' for writing
[hls @ 000001adcaa8db80] Opening 'C:\ProgramData\Jellyfin\Server\cache\transcodes\7e6ad766012374ef0181d7de51435e01536.ts' for writing
[hls @ 000001adcaa8db80] Opening 'C:\ProgramData\Jellyfin\Server\cache\transcodes\7e6ad766012374ef0181d7de51435e01537.ts' for writing
frame=104733 fps=1836 q=-1.0 size=N/A time=01:12:04.84 bitrate=N/A speed=75.8x elapsed=0:00:57.04    
[hls @ 000001adcaa8db80] Opening 'C:\ProgramData\Jellyfin\Server\cache\transcodes\7e6ad766012374ef0181d7de51435e01538.ts' for writing
[hls @ 000001adcaa8db80] Opening 'C:\ProgramData\Jellyfin\Server\cache\transcodes\7e6ad766012374ef0181d7de51435e01539.ts' for writing
[hls @ 000001adcaa8db80] Opening 'C:\ProgramData\Jellyfin\Server\cache\transcodes\7e6ad766012374ef0181d7de51435e01540.ts' for writing
[hls @ 000001adcaa8db80] Opening 'C:\ProgramData\Jellyfin\Server\cache\transcodes\7e6ad766012374ef0181d7de51435e01541.ts' for writing
frame=105603 fps=1835 q=-1.0 size=N/A time=01:12:41.16 bitrate=N/A speed=75.8x elapsed=0:00:57.56    
[hls @ 000001adcaa8db80] Opening 'C:\ProgramData\Jellyfin\Server\cache\transcodes\7e6ad766012374ef0181d7de51435e01542.ts' for writing
[hls @ 000001adcaa8db80] Opening 'C:\ProgramData\Jellyfin\Server\cache\transcodes\7e6ad766012374ef0181d7de51435e01543.ts' for writing
[hls @ 000001adcaa8db80] Opening 'C:\ProgramData\Jellyfin\Server\cache\transcodes\7e6ad766012374ef0181d7de51435e01544.ts' for writing
[hls @ 000001adcaa8db80] Opening 'C:\ProgramData\Jellyfin\Server\cache\transcodes\7e6ad766012374ef0181d7de51435e01545.ts' for writing
[hls @ 000001adcaa8db80] Opening 'C:\ProgramData\Jellyfin\Server\cache\transcodes\7e6ad766012374ef0181d7de51435e01546.ts' for writing
frame=106511 fps=1834 q=-1.0 size=N/A time=01:13:19.03 bitrate=N/A speed=75.8x elapsed=0:00:58.06    
[hls @ 000001adcaa8db80] Opening 'C:\ProgramData\Jellyfin\Server\cache\transcodes\7e6ad766012374ef0181d7de51435e01547.ts' for writing
[hls @ 000001adcaa8db80] Opening 'C:\ProgramData\Jellyfin\Server\cache\transcodes\7e6ad766012374ef0181d7de51435e01548.ts' for writing
[hls @ 000001adcaa8db80] Opening 'C:\ProgramData\Jellyfin\Server\cache\transcodes\7e6ad766012374ef0181d7de51435e01549.ts' for writing
[hls @ 000001adcaa8db80] Opening 'C:\ProgramData\Jellyfin\Server\cache\transcodes\7e6ad766012374ef0181d7de51435e01550.ts' for writing
[hls @ 000001adcaa8db80] Opening 'C:\ProgramData\Jellyfin\Server\cache\transcodes\7e6ad766012374ef0181d7de51435e01551.ts' for writing
[hls @ 000001adcaa8db80] Opening 'C:\ProgramData\Jellyfin\Server\cache\transcodes\7e6ad766012374ef0181d7de51435e01552.ts' for writing
frame=107476 fps=1835 q=-1.0 size=N/A time=01:13:59.30 bitrate=N/A speed=75.8x elapsed=0:00:58.57    
[hls @ 000001adcaa8db80] Opening 'C:\ProgramData\Jellyfin\Server\cache\transcodes\7e6ad766012374ef0181d7de51435e01553.ts' for writing
[hls @ 000001adcaa8db80] Opening 'C:\ProgramData\Jellyfin\Server\cache\transcodes\7e6ad766012374ef0181d7de51435e01554.ts' for writing
[hls @ 000001adcaa8db80] Opening 'C:\ProgramData\Jellyfin\Server\cache\transcodes\7e6ad766012374ef0181d7de51435e01555.ts' for writing
[hls @ 000001adcaa8db80] Opening 'C:\ProgramData\Jellyfin\Server\cache\transcodes\7e6ad766012374ef0181d7de51435e01556.ts' for writing
frame=108405 fps=1835 q=-1.0 size=N/A time=01:14:38.01 bitrate=N/A speed=75.8x elapsed=0:00:59.08    
[hls @ 000001adcaa8db80] Opening 'C:\ProgramData\Jellyfin\Server\cache\transcodes\7e6ad766012374ef0181d7de51435e01557.ts' for writing
[hls @ 000001adcaa8db80] Opening 'C:\ProgramData\Jellyfin\Server\cache\transcodes\7e6ad766012374ef0181d7de51435e01558.ts' for writing
[hls @ 000001adcaa8db80] Opening 'C:\ProgramData\Jellyfin\Server\cache\transcodes\7e6ad766012374ef0181d7de51435e01559.ts' for writing
[hls @ 000001adcaa8db80] Opening 'C:\ProgramData\Jellyfin\Server\cache\transcodes\7e6ad766012374ef0181d7de51435e01560.ts' for writing
frame=109354 fps=1835 q=-1.0 size=N/A time=01:15:17.56 bitrate=N/A speed=75.8x elapsed=0:00:59.59    
[hls @ 000001adcaa8db80] Opening 'C:\ProgramData\Jellyfin\Server\cache\transcodes\7e6ad766012374ef0181d7de51435e01561.ts' for writing
[hls @ 000001adcaa8db80] Opening 'C:\ProgramData\Jellyfin\Server\cache\transcodes\7e6ad766012374ef0181d7de51435e01562.ts' for writing
[hls @ 000001adcaa8db80] Opening 'C:\ProgramData\Jellyfin\Server\cache\transcodes\7e6ad766012374ef0181d7de51435e01563.ts' for writing
[hls @ 000001adcaa8db80] Opening 'C:\ProgramData\Jellyfin\Server\cache\transcodes\7e6ad766012374ef0181d7de51435e01564.ts' for writing
[hls @ 000001adcaa8db80] Opening 'C:\ProgramData\Jellyfin\Server\cache\transcodes\7e6ad766012374ef0181d7de51435e01565.ts' for writing
[hls @ 000001adcaa8db80] Opening 'C:\ProgramData\Jellyfin\Server\cache\transcodes\7e6ad766012374ef0181d7de51435e01566.ts' for writing
frame=110230 fps=1834 q=-1.0 size=N/A time=01:15:54.12 bitrate=N/A speed=75.8x elapsed=0:01:00.09    
[hls @ 000001adcaa8db80] Opening 'C:\ProgramData\Jellyfin\Server\cache\transcodes\7e6ad766012374ef0181d7de51435e01567.ts' for writing
[hls @ 000001adcaa8db80] Opening 'C:\ProgramData\Jellyfin\Server\cache\transcodes\7e6ad766012374ef0181d7de51435e01568.ts' for writing
[hls @ 000001adcaa8db80] Opening 'C:\ProgramData\Jellyfin\Server\cache\transcodes\7e6ad766012374ef0181d7de51435e01569.ts' for writing
[hls @ 000001adcaa8db80] Opening 'C:\ProgramData\Jellyfin\Server\cache\transcodes\7e6ad766012374ef0181d7de51435e01570.ts' for writing
frame=111172 fps=1834 q=-1.0 size=N/A time=01:16:33.43 bitrate=N/A speed=75.8x elapsed=0:01:00.61    
[hls @ 000001adcaa8db80] Opening 'C:\ProgramData\Jellyfin\Server\cache\transcodes\7e6ad766012374ef0181d7de51435e01571.ts' for writing
[hls @ 000001adcaa8db80] Opening 'C:\ProgramData\Jellyfin\Server\cache\transcodes\7e6ad766012374ef0181d7de51435e01572.ts' for writing
[hls @ 000001adcaa8db80] Opening 'C:\ProgramData\Jellyfin\Server\cache\transcodes\7e6ad766012374ef0181d7de51435e01573.ts' for writing
[hls @ 000001adcaa8db80] Opening 'C:\ProgramData\Jellyfin\Server\cache\transcodes\7e6ad766012374ef0181d7de51435e01574.ts' for writing
[hls @ 000001adcaa8db80] Opening 'C:\ProgramData\Jellyfin\Server\cache\transcodes\7e6ad766012374ef0181d7de51435e01575.ts' for writing
frame=112136 fps=1835 q=-1.0 size=N/A time=01:17:13.60 bitrate=N/A speed=75.8x elapsed=0:01:01.12    
[hls @ 000001adcaa8db80] Opening 'C:\ProgramData\Jellyfin\Server\cache\transcodes\7e6ad766012374ef0181d7de51435e01576.ts' for writing
[hls @ 000001adcaa8db80] Opening 'C:\ProgramData\Jellyfin\Server\cache\transcodes\7e6ad766012374ef0181d7de51435e01577.ts' for writing
[hls @ 000001adcaa8db80] Opening 'C:\ProgramData\Jellyfin\Server\cache\transcodes\7e6ad766012374ef0181d7de51435e01578.ts' for writing
[hls @ 000001adcaa8db80] Opening 'C:\ProgramData\Jellyfin\Server\cache\transcodes\7e6ad766012374ef0181d7de51435e01579.ts' for writing
frame=113028 fps=1834 q=-1.0 size=N/A time=01:17:50.83 bitrate=N/A speed=75.8x elapsed=0:01:01.62    
[hls @ 000001adcaa8db80] Opening 'C:\ProgramData\Jellyfin\Server\cache\transcodes\7e6ad766012374ef0181d7de51435e01580.ts' for writing
[hls @ 000001adcaa8db80] Opening 'C:\ProgramData\Jellyfin\Server\cache\transcodes\7e6ad766012374ef0181d7de51435e01581.ts' for writing
[hls @ 000001adcaa8db80] Opening 'C:\ProgramData\Jellyfin\Server\cache\transcodes\7e6ad766012374ef0181d7de51435e01582.ts' for writing
[hls @ 000001adcaa8db80] Opening 'C:\ProgramData\Jellyfin\Server\cache\transcodes\7e6ad766012374ef0181d7de51435e01583.ts' for writing
[hls @ 000001adcaa8db80] Opening 'C:\ProgramData\Jellyfin\Server\cache\transcodes\7e6ad766012374ef0181d7de51435e01584.ts' for writing
frame=113978 fps=1834 q=-1.0 size=N/A time=01:18:30.45 bitrate=N/A speed=75.8x elapsed=0:01:02.14    
[hls @ 000001adcaa8db80] Opening 'C:\ProgramData\Jellyfin\Server\cache\transcodes\7e6ad766012374ef0181d7de51435e01585.ts' for writing
[hls @ 000001adcaa8db80] Opening 'C:\ProgramData\Jellyfin\Server\cache\transcodes\7e6ad766012374ef0181d7de51435e01586.ts' for writing
[hls @ 000001adcaa8db80] Opening 'C:\ProgramData\Jellyfin\Server\cache\transcodes\7e6ad766012374ef0181d7de51435e01587.ts' for writing
[hls @ 000001adcaa8db80] Opening 'C:\ProgramData\Jellyfin\Server\cache\transcodes\7e6ad766012374ef0181d7de51435e01588.ts' for writing
[hls @ 000001adcaa8db80] Opening 'C:\ProgramData\Jellyfin\Server\cache\transcodes\7e6ad766012374ef0181d7de51435e01589.ts' for writing
frame=114910 fps=1834 q=-1.0 size=N/A time=01:19:09.31 bitrate=N/A speed=75.8x elapsed=0:01:02.64    
[hls @ 000001adcaa8db80] Opening 'C:\ProgramData\Jellyfin\Server\cache\transcodes\7e6ad766012374ef0181d7de51435e01590.ts' for writing
[hls @ 000001adcaa8db80] Opening 'C:\ProgramData\Jellyfin\Server\cache\transcodes\7e6ad766012374ef0181d7de51435e01591.ts' for writing
[hls @ 000001adcaa8db80] Opening 'C:\ProgramData\Jellyfin\Server\cache\transcodes\7e6ad766012374ef0181d7de51435e01592.ts' for writing
[hls @ 000001adcaa8db80] Opening 'C:\ProgramData\Jellyfin\Server\cache\transcodes\7e6ad766012374ef0181d7de51435e01593.ts' for writing
[hls @ 000001adcaa8db80] Opening 'C:\ProgramData\Jellyfin\Server\cache\transcodes\7e6ad766012374ef0181d7de51435e01594.ts' for writing
frame=115847 fps=1835 q=-1.0 size=N/A time=01:19:48.40 bitrate=N/A speed=75.8x elapsed=0:01:03.14    
[hls @ 000001adcaa8db80] Opening 'C:\ProgramData\Jellyfin\Server\cache\transcodes\7e6ad766012374ef0181d7de51435e01595.ts' for writing
[hls @ 000001adcaa8db80] Opening 'C:\ProgramData\Jellyfin\Server\cache\transcodes\7e6ad766012374ef0181d7de51435e01596.ts' for writing
[hls @ 000001adcaa8db80] Opening 'C:\ProgramData\Jellyfin\Server\cache\transcodes\7e6ad766012374ef0181d7de51435e01597.ts' for writing
[hls @ 000001adcaa8db80] Opening 'C:\ProgramData\Jellyfin\Server\cache\transcodes\7e6ad766012374ef0181d7de51435e01598.ts' for writing
frame=116775 fps=1834 q=-1.0 size=N/A time=01:20:27.09 bitrate=N/A speed=75.8x elapsed=0:01:03.66    
[hls @ 000001adcaa8db80] Opening 'C:\ProgramData\Jellyfin\Server\cache\transcodes\7e6ad766012374ef0181d7de51435e01599.ts' for writing
[hls @ 000001adcaa8db80] Opening 'C:\ProgramData\Jellyfin\Server\cache\transcodes\7e6ad766012374ef0181d7de51435e01600.ts' for writing
[hls @ 000001adcaa8db80] Opening 'C:\ProgramData\Jellyfin\Server\cache\transcodes\7e6ad766012374ef0181d7de51435e01601.ts' for writing
[hls @ 000001adcaa8db80] Opening 'C:\ProgramData\Jellyfin\Server\cache\transcodes\7e6ad766012374ef0181d7de51435e01602.ts' for writing
frame=117658 fps=1833 q=-1.0 size=N/A time=01:21:03.93 bitrate=N/A speed=75.8x elapsed=0:01:04.17    
[hls @ 000001adcaa8db80] Opening 'C:\ProgramData\Jellyfin\Server\cache\transcodes\7e6ad766012374ef0181d7de51435e01603.ts' for writing
[hls @ 000001adcaa8db80] Opening 'C:\ProgramData\Jellyfin\Server\cache\transcodes\7e6ad766012374ef0181d7de51435e01604.ts' for writing
[hls @ 000001adcaa8db80] Opening 'C:\ProgramData\Jellyfin\Server\cache\transcodes\7e6ad766012374ef0181d7de51435e01605.ts' for writing
[hls @ 000001adcaa8db80] Opening 'C:\ProgramData\Jellyfin\Server\cache\transcodes\7e6ad766012374ef0181d7de51435e01606.ts' for writing
[hls @ 000001adcaa8db80] Opening 'C:\ProgramData\Jellyfin\Server\cache\transcodes\7e6ad766012374ef0181d7de51435e01607.ts' for writing
[hls @ 000001adcaa8db80] Opening 'C:\ProgramData\Jellyfin\Server\cache\transcodes\7e6ad766012374ef0181d7de51435e01608.ts' for writing
[hls @ 000001adcaa8db80] Opening 'C:\ProgramData\Jellyfin\Server\cache\transcodes\7e6ad766012374ef0181d7de51435e01609.ts' for writing


[q] command received. Exiting.

[hls @ 000001adcaa8db80] Opening 'C:\ProgramData\Jellyfin\Server\cache\transcodes\7e6ad766012374ef0181d7de51435e01610.ts' for writing
[out#0/hls @ 000001adc8ae85c0] video:895289KiB audio:154495KiB subtitle:0KiB other streams:0KiB global headers:0KiB muxing overhead: unknown
frame=118535 fps=1833 q=-1.0 Lsize=N/A time=01:21:40.94 bitrate=N/A speed=75.8x elapsed=0:01:04.68    